V1,V2,V3,V4,V5,V6,V7,V8,V9,V10,ES,Intro1,IntroT_1,IntroT_2,IntroT_3,IntroT_4,Intro2,Q70_1,Q48,TPT_1,TPT_2,TPT_3,TPT_4,FDD_1,Q49,FDT_1,FDT_2,FDT_3,FDT_4,IntrUn,Un1,Un2,Mot,Q52,HI1_1,HI2_2,HI3_3,HI4_4,HI5_5,HI6_6,HI7_1,HI8_2,VI1_3,VI2_5,VI3_5,VI4_6,VI5_7,VI6_8,VI7_1,VI8_2,HC1_3,HC2_4,HC3_5,HC4_6,HC5_6,HC6_6,HC7_6,HC8_6,VC1_6,VC2_6,VC3_6,VC4_6,VC5_6,VC6_6,VC7_6,VC8_6,E1,E2,E3,E4,E5,TrustStran,TrustRand,Trust1,Trust2,Trust3,Trust4,PARH1,PARH2,PARH3,PARH4_1,PARH4_2,PARH4_3,PARH4_4,yearborn,gender,grewup,knownother,LocationLatitude,LocationLongitude,LocationAccuracy
,,,,,,,,,,,,,,,,,,,,,,,,,,,,,,,,,,,,,,,,,,,,,,,,,,,,,,,,,,,,,,,,,,,,,,,,,,,,,,,,,,,,,,,,,,
R_0P2Oew2NSylNgqZ,Default Response Set,Anonymous,,,216.165.95.64,0,4/13/16 12:51,4/13/16 13:33,1,1,1,0,0,114.192,0,1,,,,,,,100,1,11.398,11.398,23.68,1,1,9,2,If everyone paid 4$ the group would get $8 but if one person paid less then that person would get $10.,1,9,9,9,8,8,8,8,8,6,9,7,5,7,8,6,3,8,6,8,8,1,8,9,6,9,8,8,2,7,7,9,9,1,0,1,0,0,3,5,3,2,1,2,2,"It was trying build a trust amongst the participants, it was more related to a team work and how they respond to the given scenario",no,5,2,5,2,70,1,"Kolkata, India",1,40.73170471,-73.9885025,-1
R_10qO7wmuJrsEie9,Default Response Set,Anonymous,,,216.165.95.64,0,4/6/16 12:43,4/6/16 13:15,1,1,1,0,0,51.091,0,1,200,1,5.011,5.011,7.296,1,,,,,,,1,9,1,"I chose 200 cents. I know that 400 would give the maximum amount of payoff, but I did not trust the other people in my group to make a generous (though smart) decision so quickly. Thus, rather than risk it all, I gave half, so that there is still some chance of us all getting a benefit. I did not choose to give 0 because that would be too selfish and against my nature.",1,6,4,8,7,7,5,5,5,3,5,3,4,2,4,4,6,7,7,9,8,6,7,6,6,3,3,6,6,6,5,4,6,4,10,30,0,10,6,7,3,3,3,1,2,"It was probably trying to show competitiveness and how much we trust in colleagues to make the right choice for everyone, rather than being self-serving.",no,3,4,4,4,76,2,"Valley Stream, NY (US)",0,40.73170471,-73.9885025,-1
R_11YFIaRphfgdM0Q,Default Response Set,Anonymous,,,216.165.95.64,0,4/13/16 12:51,4/13/16 13:20,1,1,1,0,0,60.802,0,1,400,1,6.222,6.222,7.268,1,,,,,,,1,9,5,To  earn the maximum profit,1,8,5,6,9,6,8,5,6,5,7,7,9,5,6,7,6,9,9,9,9,5,7,9,9,9,7,9,9,5,6,9,9,3,30,50,0,10,6,6,3,1,2,1,2,Responses of people towards strangers. How co-operative we end up,no,9,3,4,2,72,1,"Mumbai, India",0,40.73170471,-73.9885025,-1
R_12KX0kmq71gRCCf,Default Response Set,Anonymous,,,216.165.95.64,0,2/25/16 12:40,2/25/16 13:19,1,1,1,12.72,34.486,59.635,8,1,,,,,,,0,1,17.432,17.432,23.668,1,1,9,1,"Given that all three other participants received the same information that I did, it is unlikely that they will assume any contribution at all given that there was no opportunity for coordination. Although the maximum contribution may double my earnings, giving any at all below the middle point also means I lose a percentage relative to my contribution. The most I can earn is by contributing nothing and free-riding on the contributions of others. ",1,9,1,4,9,9,7,6,9,9,9,9,5,1,9,9,1,5,9,9,7,5,9,3,9,4,5,1,1,9,1,9,9,3,3,4,0,1,3,4,3,2,1,1,2,Maybe the study was trying to show a correlation between traits in our personalities and our willingness to contribute to agents who are not in our immediate circle. ,That we were were grouped at all... would be great if we got to see what everyone else chose.,9,9,9,9,75,2,"Hong Kong, Hong Kong",0,40.73170471,-73.9885025,-1
R_1BXXpcjwGYGv77Q,Default Response Set,Anonymous,,,216.165.95.64,0,2/22/16 12:42,2/22/16 13:21,1,1,1,0,0,56.161,0,1,0,1,6.824,6.824,8.441,1,,,,,,,1,9,1,potentially earn the highest amount for myself,1,7,6,8,6,8,4,6,6,4,7,5,6,5,6,6,4,6,6,7,7,5,6,3,6,3,4,4,4,5,5,5,5,5,24,24,4,2,6,8,3,3,3,2,2,"How much we generally trust others, through our answers and willingness to contribute to the common pot, based on what we thought others would do.",No,5,3,2,3,76,1,"Houston, Texas",0,40.73170471,-73.9885025,-1
R_1C7Ic3FX0BzI5ty,Default Response Set,Anonymous,,,216.165.95.64,0,2/25/16 12:40,2/25/16 13:15,1,1,1,1.643,69.375,77.383,21,1,0,1,7.628,7.628,9.135,1,,,,,,,1,9,9,"As said in the beginning, ii wll keep it to myself and can earn 10$",1,9,9,9,9,9,9,9,9,1,9,1,9,9,9,9,1,9,9,9,9,9,9,9,9,9,9,9,9,9,1,9,9,3,4,10,0,4,1,7,3,3,3,1,2,Tryinh to show where we stand in our lives in terms of trusting a stranger,no,7,9,7,9,73,1,"Guntur,Andhra Pradesh, India",0,40.73170471,-73.9885025,-1
R_1DAW87KHuoYmyFA,Default Response Set,Anonymous,,,216.165.95.65,0,11/23/15 11:37,11/23/15 12:23,1,1,1,0,0,57.923,0,1,,,,,,,200,1,28.029,43.224,45.117,2,1,9,1,I thought that contributing $2 was enough so I could keep some money for myself and also contribute. I did this in case someone were to contribute no money at all.,1,8,8,9,8,7,7,9,7,6,8,4,4,2,7,9,4,9,7,9,9,3,9,3,8,6,2,7,8,9,4,6,9,5,1,0,0,0,7,10,3,2,3,2,2,"I think that the present study was trying to show how people made decisions with money involved. People get the chance to contribute to a project or contribute no money at all by staying anonymous, and I think this affects their decisions. If someone had to make a decision in front of everyone else, then they would feel pressured to contribute money. ",no,6,2,6,2,78,1,"Cerritos, CA, USA",0,40.73170471,-73.9885025,-1
R_1DpbpaYtzmrsMDw,Default Response Set,Anonymous,,,216.165.95.64,0,2/25/16 13:39,2/25/16 14:20,1,1,1,0,0,60.218,0,1,320,1,9.735,9.735,13.492,1,,,,,,,1,9,1,I wanted to contribute to the group but I didn't want to contribute the 400 cents. I contributed as much as I wanted. ,1,8,6,9,6,9,9,9,9,8,7,8,3,7,9,6,3,7,8,8,8,9,9,7,8,3,1,9,6,9,8,9,9,3,20,30,10,5,5,9,3,3,1,1,2,I much are people willing to give from their own resources in order to help a group. ,no,5,2,6,2,73,2,"Bogota, Colombia ",0,40.73170471,-73.9885025,-1
R_1DVg2z2sHVhY6LP,Default Response Set,Anonymous,,,216.165.95.65,0,1/21/16 12:46,1/21/16 13:25,1,1,1,0,0,113.477,0,1,400,1,5.108,8.937,9.512,2,,,,,,,1,9,1,Each gets more if everyone contributes the best,1,8,8,9,9,6,3,9,7,1,6,2,2,8,9,8,2,8,8,6,8,2,2,7,7,3,3,2,5,9,2,8,9,4,3,5,0,0,2,6,3,3,3,1,2,Estimating what strangers might be thinking for the same situation and trying to the best to secure the best amount,no,9,2,5,2,71,1,"Gujarat, India",0,40.73170471,-73.9885025,-1
R_1F3xgS9OxvglbhQ,Default Response Set,Anonymous,,,216.165.95.64,0,4/6/16 11:30,4/6/16 12:31,1,1,1,0,0,110.598,0,1,,,,,,,400,1,8.679,8.679,20.828,1,1,9,9,"higher the amount contributed, higher your returns and a greater chance to make more",1,9,9,8,6,9,8,9,8,9,9,2,5,7,9,6,2,5,4,7,8,9,8,7,9,5,7,8,7,4,3,9,9,1,0,0,0,0,6,8,1,1,3,2,2,"Decision making in a team, and what will ultimately benefit the team as a whole versus your own personal gains. By doubling the money of the group if everyone cooperates or making the most money even at the cost of the entire group.",No,6,2,6,3,70,2,"Mumbai, India",0,40.73170471,-73.9885025,-1
R_1f6N8ZsUkUXMp4P,Default Response Set,Anonymous,,,216.165.95.65,0,2/11/16 13:47,2/11/16 14:28,1,1,1,0,0,106.867,0,1,0,1,6.524,9.063,10.436,2,,,,,,,1,9,1,its better to be safe than wasting the amount we are given. if all the people in the group retain their money everyone are left with 4$. while either 1 of remaining 3 gives out the amount our net amount is increased by 1$ if 2 gives out then it increases by 2$ and if all 3 gives out it increases by 4$,1,5,1,9,6,5,9,9,9,5,9,9,9,1,9,5,1,9,9,9,9,7,7,9,5,9,9,5,9,9,5,9,9,3,5,15,0,0,1,5,3,1,3,1,2,the present study was trying to play with the minds of the people. they were given chance to earn money but also a condition which said that to earn more money you need to keep yours and let others invest.,no,5,2,4,9,73,1,Mumbai India,7,40.73170471,-73.9885025,-1
R_1ginDdw9M42jZ6l,Default Response Set,Anonymous,,,216.165.95.64,0,4/6/16 11:30,4/6/16 12:30,1,1,1,0,0,117.942,0,1,400,1,5.715,7.911,12.228,2,,,,,,,1,9,1,so that everyone will get benefited with max payoff,1,5,5,6,8,7,8,8,6,5,5,5,6,4,5,7,7,8,8,8,6,7,9,6,4,6,6,5,7,5,3,8,5,2,1,7,0,0,4,5,3,3,1,2,2,i guess tying to understand human behavior in the context of group dynamics,no,4,3,5,3,66,1,India,1,40.73170471,-73.9885025,-1
R_1hLprfgBNwFQsFZ,Default Response Set,Anonymous,,,216.165.95.64,0,4/13/16 12:51,4/13/16 13:26,1,1,1,0,0,106.965,0,1,0,1,4.978,6.578,7.826,2,,,,,,,1,9,1,"I don't know what the other participants are thinking. Based on the outcome of this decision, I may increase the contribution.",1,9,1,9,9,9,9,7,9,2,4,6,9,2,5,8,8,9,9,9,9,8,9,8,5,7,7,6,9,6,2,9,9,1,0,2,0,0,2,7,3,3,3,1,2,"In my opinion this study was about an individual's perception resulting in their behavior, towards strangers.",no,9,5,2,5,70,1,"Cuttack, India",0,40.73170471,-73.9885025,-1
R_1IEDR9Le5i9jNvq,Default Response Set,Anonymous,,,216.165.95.64,0,3/7/16 12:51,3/7/16 13:16,1,1,1,0,0,61.437,0,1,,,,,,,240,1,11.173,11.173,12.972,1,1,9,1,It w50% chance that the group would make the same decision and we'd get a payoff but also to ensure I didn't lose any money if no one else contributed.,1,7,8,9,8,6,9,7,9,6,4,8,8,2,7,4,4,7,3,8,8,8,9,7,8,3,4,9,5,5,5,8,9,3,2,3,0,1,6,8,3,2,1,2,2,"How our personal beliefs and traits (selfishness, altruism) affect how we interact in a group setting",no,6,2,6,2,77,2,"Houston, Texas",0,40.73170471,-73.9885025,-1
R_1IFBsoL8Jh7o0Dd,Default Response Set,Anonymous,,,216.165.95.65,0,11/19/15 14:09,11/19/15 15:05,1,1,1,0,0,104.885,0,1,,,,,,,88,1,28.149,37.612,42.866,10,1,9,1,"The minimum one contributes, more one can get individually, also for  upto some part contributed indivdual can get a return of the double the amount. So i contributed 88 cents.",1,7,7,8,7,9,8,7,7,6,9,9,9,8,8,9,4,7,5,8,6,6,7,4,5,9,9,6,4,8,7,9,8,2,0,2,0,0,3,4,3,1,2,1,2,"Present study dealt with how an individual trusts people, deals with the society and how  he is with his family. By answering some of this questions a person can think about oneself. How a person is with his co workers and in a team can also be known.",NO,3,4,3,4,74,1,"Ahmedabad, India",0,40.73170471,-73.9885025,-1
R_1KetAhtfbLz57Cj,Default Response Set,Anonymous,,,216.165.95.64,0,2/25/16 12:40,2/25/16 13:20,1,1,1,0,0,60.354,0,1,233,1,6.231,9.885,11.222,2,,,,,,,1,9,1,this is a group interaction while I have better payoff when I do not invest but taking in view oyther contribution making the higher contributionn makes it likely for me to have better payoff. /  ,1,8,7,8,7,6,6,9,6,2,6,3,4,8,8,6,1,9,6,8,6,1,6,3,7,9,9,4,9,9,6,9,9,2,4,4,0,0,3,3,3,1,2,1,2,"The study was trying to access my behaviour with other people and how would I interact with thyem. Although it is fictional and assumption based study, the answers may vary in the real world scenarios. ",No,4,7,9,7,72,1,delhi,0,40.73170471,-73.9885025,-1
R_1KluaJZxIJktfi3,Default Response Set,Anonymous,,,216.165.95.64,0,2/25/16 13:39,2/25/16 14:23,1,1,1,0,0,53.156,0,1,,,,,,,99,1,12.111,147.236,153.605,12,1,9,1,"I capped my losses at 50 cents just in case everyone else kept their money for themselves. There is the chance that the folks running the experiment round upwards to the nearest dollar. In that case, I don't lose anything because 99 divided by 2 is 49.5 which is 50 cents. Add 50 cents to 3.01 which is 3.51. So if you guys round properly, I shouldn't lose any of my $4 even if no one else contributes.",1,8,7,7,8,9,8,8,9,9,5,3,8,4,8,9,2,8,5,7,8,6,7,6,6,1,2,4,6,7,3,4,6,4,5,5,0,0,8,8,1,2,3,2,2,"When group contributions can be kept anonymous, people would rather benefit themselves instead. It involves a tradeoff between good for group and good for me but if everyone did good for me then it isn't actually good for anyone. There was also the privacy thing and the experiment will categorize people into certain categories and then analyze their actions and try to see what types of people were more likely to contribute anonymously to the group.","You could probably just give everyone $4 and that would be that. Everyone would believe that no one contributed, and I'd believe that you rounded up for me. And the math is much easier. I'm joking, I'm sure you all gave us what we earned.",5,2,5,9,76,1,New Zealand,0,40.73170471,-73.9885025,-1
R_1kXNn10e44ngTpm,Default Response Set,Anonymous,,,216.165.95.64,0,3/7/16 12:51,3/7/16 13:22,1,1,1,0,0,92.441,0,1,,,,,,,320,1,26.783,26.783,28.889,1,1,9,1,I chose to contribute 320 cents because I'm a team player and my contribution will help towards the goal of the team project,1,6,7,7,8,8,5,6,7,4,6,6,7,3,6,8,2,7,6,8,8,4,8,5,7,7,3,6,6,6,2,6,9,1,0,0,0,0,3,6,3,3,3,2,2,The present study was trying to show working in a team with people whom you don't know through a various situations or daily life,no,6,9,6,9,73,1,United States,0,40.73170471,-73.9885025,-1
R_1LHxaEoz4qyiYKc,Default Response Set,Anonymous,,,216.165.95.64,0,4/13/16 12:51,4/13/16 13:17,1,1,1,0,0,39.227,0,1,0,1,4.861,4.861,6.744,1,,,,,,,1,9,1,I did not trust my team members to each put in all 4 of their dollars and decided I was best off defending myself and also earning more money by keeping my $4,1,7,3,7,9,9,6,7,9,5,7,6,7,1,4,3,8,8,8,9,9,5,8,8,8,4,8,7,4,7,3,6,7,3,5,10,4,0,4,7,2,1,2,1,2,"I think it was trying to show degrees of trusting other who you don't have a personal connection with versus being greedy/better said, looking out for yourself. The results of this might have been different if for example, everyone in this room were close friends/family.",I think the questions about how many studies of this type/paid studies/studies using X program should have an option for those who aren't sure. I am not sure and I don't keep track or have a great memory so I don't feel I answered those questions accurately but there was no place for me to indicate that.,5,3,5,3,76,2,Connecticut,0,40.73170471,-73.9885025,-1
R_1Lo0Y9Fa5AE137M,Default Response Set,Anonymous,,,216.165.95.64,0,4/6/16 11:30,4/6/16 12:11,1,1,1,70.003,72.21,73.02,2,1,317,1,7.733,8.919,17.873,2,,,,,,,1,9,1,to get the more amount for me and as a group as well,1,6,6,6,8,6,7,7,6,6,6,7,7,8,8,8,6,6,7,7,7,6,7,7,7,5,8,8,6,7,6,7,7,3,0,5,0,3,6,6,2,1,1,1,2,team contribution and decision making.,no,5,5,5,4,72,1,India - Mumbai,1,40.73170471,-73.9885025,-1
R_1mIeqFrOaPJK1W1,Default Response Set,Anonymous,,,216.165.95.64,0,4/6/16 12:43,4/6/16 13:22,1,1,1,48.108,48.108,105.723,1,1,,,,,,,400,1,7.551,8.455,21.763,3,1,9,1,If everyone contributes all of their $4 then all will get double the amount ($8) which is good and fair for everybody.,1,9,7,8,9,9,7,9,9,5,7,2,8,7,9,7,7,9,9,9,9,9,9,7,9,5,5,8,5,9,5,9,9,3,1,0,0,0,5,8,3,3,3,1,2,The present study is trying to figure out how individuals would like to work in group and how they trust each other and make decisions related to money contributions.,no,6,2,5,3,72,1,"Ahmedabad, India",0,40.73170471,-73.9885025,-1
R_1N22Ih8qsXLKc83,Default Response Set,Anonymous,,,216.165.95.64,0,4/13/16 12:51,4/13/16 13:33,1,1,1,0,0,58.622,0,1,,,,,,,160,1,12.118,12.118,14.737,1,1,9,5,i chose to contribute that much because  wanted to earn and also wanted the other team members to earn.,1,8,8,9,9,9,8,3,9,4,9,4,9,5,6,9,7,9,9,9,9,9,9,8,9,8,8,9,8,9,5,9,9,2,0,3,0,0,3,5,3,1,3,1,2,the present study was trying to bring out the trust between people and the value and the opinion of people about trusting others and the family members. It was also trying to bring out how much a person cares for his/her family. The study tried to show it by conducting a experiment of team activity and also by a survey.,no,7,9,7,9,74,1,"Chennai, India",0,40.73170471,-73.9885025,-1
R_1NE68U6DzbdXzpE,Default Response Set,Anonymous,,,216.165.95.64,0,2/22/16 12:42,2/22/16 13:16,1,1,1,0,0,46.443,0,1,200,1,7.592,7.592,13.317,1,,,,,,,1,9,1,"i chose to contribute half of my personal holdings (200 cents) because I somewhat trust my fellow participants to contribute some of their money as well (so I don't want to hold onto all of my money because I could get a higher payoff by contributing some of it to the group assuming the other participants also contribute), but I don't fully trust my fellow participants, so I kept half of my $4.",1,7,6,7,6,6,5,7,7,5,5,4,6,7,6,6,4,6,6,6,7,4,6,5,6,3,6,4,6,3,5,5,8,4,4,8,0,0,6,6,3,1,2,2,2,People will choose to keep money for themselves because they can guarantee the payoff they get from keeping their money. People will not choose to risk sharing their money to get a higher payoff because they do not trust the other group members to sacrifice a higher personal gain for a collective gain. ,no,6,2,6,2,78,2,"San Jose, CA",0,40.73170471,-73.9885025,-1
R_1nUhI2BHkCMA2lS,Default Response Set,Anonymous,,,216.165.95.64,0,4/6/16 11:30,4/6/16 12:39,0,1,1,0,0,104.823,0,1,,,,,,,0,1,8.068,45.879,50.732,7,1,1,1,choosing least will allow to gain maximum,1,7,9,8,9,8,9,9,6,5,9,3,6,4,7,8,5,9,9,9,9,9,9,8,9,6,7,4,5,6,5,9,9,3,0,0,0,0,4,9,3,3,3,2,2,This present study tried to interpret the individual perception by judging them through their reactions in various circumstances.,no,6,2,4,4,72,2,"Vadodara, India",0,,,-1
R_1P7YYihbav0MtJb,Default Response Set,Anonymous,,,216.165.95.64,0,4/6/16 12:43,4/6/16 13:21,1,1,1,0,0,51.314,0,1,,,,,,,0,1,12.532,16.329,17.64,4,1,9,1,I believe that the other group members will contribute to the pot so that everyone's payoff will be maximized.,1,8,8,9,2,8,7,8,8,1,8,1,3,1,6,1,9,7,8,3,9,2,8,3,2,1,1,1,6,2,6,8,7,2,9,15,0,4,3,9,3,2,1,1,2,"I think this is a study related to Game Theory; that is, it is designed to test how participants anticipate the actions of others when considering their own interests versus the interests of the collective.",no,6,2,7,9,75,1,"Miramar, Florida",0,40.73170471,-73.9885025,-1
R_1PddZmH4fpIFKkQ,Default Response Set,Anonymous,,,216.165.95.64,0,3/7/16 12:51,3/7/16 13:17,1,1,1,55.771,59.643,61.394,4,1,0,1,6.426,6.426,7.906,1,,,,,,,1,1,1,I wasnt sure if everyone would contribute or not,1,9,9,9,9,9,9,6,9,4,9,5,9,3,4,2,9,8,7,5,9,2,9,9,9,9,6,7,7,7,4,9,9,3,3,3,0,0,3,9,3,1,3,1,2,The idea of mutual trust for economic gains. By asking people to contribute their money.,no,2,6,2,6,74,1,"Mumbai, India",0,40.73170471,-73.9885025,-1
R_1pKCBO2wzMxg01R,Default Response Set,Anonymous,,,216.165.95.64,0,2/25/16 13:40,2/25/16 14:19,1,1,1,0,0,59.755,0,1,400,1,5.733,6.979,7.857,2,,,,,,,1,9,9,"I trusted that the other two participants had the group's best interest in mind, so I went with the option of 400 cents.",1,9,3,9,5,7,7,4,8,5,6,9,4,2,6,4,7,8,7,8,8,9,9,8,5,5,3,5,8,7,7,8,7,4,15,15,0,5,5,8,2,2,1,1,2,"I think this study was trying to show whether the participants were able to put their trust into the two randomly selected people that influenced their monetary gain. Because these two people are strangers, it was hard to determine whether they would have the same mindset as I did when it came to splitting the money. For me, the allure of gaining the most money by contributing all of my money determined my action.",no,4,5,4,4,75,2,California,0,40.73170471,-73.9885025,-1
R_1pS4PExmTAyS7eM,Default Response Set,Anonymous,,,216.165.95.64,0,4/6/16 11:30,4/6/16 12:22,1,1,1,0,0,97.933,0,1,400,1,6.572,7.943,12.709,2,,,,,,,1,9,1,"I wanted to maximize the payment of the group as a whole and am hoping the rest of the group did the same, thus earning us all the max amount.",1,9,1,6,9,8,5,7,8,7,6,6,3,2,8,3,4,8,6,6,7,7,5,7,5,1,3,8,5,6,6,7,8,3,20,20,5,10,4,6,1,2,2,2,2,"This study may have been trying to show how trusting we are of others, and how that relates to other personality characteristics, based on answers to questions and how much money we allotted to the group total.",No,5,3,4,3,75,2,"Newington, Connecticut, USA",0,40.73170471,-73.9885025,-1
R_1QciEWetKdHhcTZ,Default Response Set,Anonymous,,,216.165.95.65,0,11/19/15 14:09,11/19/15 14:53,1,1,1,0,0,54.496,0,1,400,1,7.591,7.591,15.751,1,,,,,,,1,9,1,I figured it's not that bad to not make as much money. I'll still be gaining some amount.,1,8,6,9,5,7,8,5,8,5,4,4,4,2,5,6,8,8,5,6,8,3,7,6,6,3,3,6,6,6,6,5,6,1,0,1,0,2,5,7,1,3,2,1,2,Maybe how people who tend to have a certain personality type respond in that classic social experiment game,nope,4,6,5,5,75,2,"Salt Lake City, UT",0,40.73170471,-73.9885025,-1
R_1qe5tO3V4YDB7R5,Default Response Set,Anonymous,,,216.165.95.64,0,4/6/16 12:43,4/6/16 13:23,1,1,1,0,0,76.703,0,1,400,1,8.479,8.479,11.096,1,,,,,,,1,9,9,I chose to contribute 400 cents so as to be fair and everyone gets same return if all play a fair game.,1,8,7,8,8,9,7,8,9,3,9,2,8,8,7,8,3,7,9,7,8,7,7,7,7,8,5,9,7,8,3,9,9,2,0,12,0,0,5,8,3,2,3,2,2,I think it was trying to show how an individual thought can be. Some people are self obsessed and work for self profit while some work for the community and are fair to everyone. I tried to be fair because that is inherent to me.,no,5,3,5,3,70,1,"Surat, India",2,40.73170471,-73.9885025,-1
R_1qVYob9svyMZZSY,Default Response Set,Anonymous,,,216.165.95.64,0,4/6/16 11:30,4/6/16 12:24,1,1,1,0,0,84.122,0,1,156,1,9.176,9.176,10.843,1,,,,,,,1,9,1,I thought if I contribute some amount to the group and keep some for me I will try to maximize my earnings.,1,8,8,7,7,8,9,7,8,4,6,6,4,6,7,8,2,8,7,8,8,7,8,7,9,8,5,6,8,7,5,9,9,3,1,1,0,0,6,8,3,1,1,2,2,The present study was trying to evaluate a persons preferences on life. It asked various questions trying to understand a persons psycology. ,no,6,2,6,2,70,2,India,0,40.73170471,-73.9885025,-1
R_1zbzgo88pdNF5V7,Default Response Set,Anonymous,,,216.165.95.65,0,2/11/16 13:47,2/11/16 14:16,1,1,1,0,0,73.697,0,1,,,,,,,160,1,9.9,9.9,12.903,1,1,9,1,"I'm worried that others wont contribute much, so I don't want to put all $4 in and get less than $4 back",1,7,4,5,5,5,7,6,8,8,9,7,8,7,7,6,2,5,3,6,8,6,7,4,6,6,7,2,6,7,7,5,8,4,7,10,0,0,3,8,3,1,3,1,2,I think it is trying to show how much people trust strangers by testing whether we can trust enough to mutually gain more by all contributing.,"Im worried that if I contribute all of my money, the rest of the group will not contribute and will profit off my generosity,",5,4,5,3,75,1,"Wayne, NJ, USA",1,40.73170471,-73.9885025,-1
R_21AH7N1o06LwKBe,Default Response Set,Anonymous,,,216.165.95.64,0,3/7/16 12:51,3/7/16 13:22,1,1,1,4.319,4.887,133.263,2,1,256,1,8.116,9.03,10.039,2,,,,,,,1,9,1,just chose a median figure for not to loose much and not to gain much,1,9,9,8,9,2,8,7,2,6,7,1,7,1,8,9,2,9,9,9,9,6,9,1,9,7,8,2,4,8,1,9,9,1,1,1,0,0,3,8,2,1,2,1,2,"The present study is trying to asses my comfort level about participating with strangers and it does so by asking me to contribute to  a common project, whose reward would be distributed among four people, where I do not know others.",no,3,5,5,4,70,1,Patna. India,0,40.73170471,-73.9885025,-1
R_22KqQejj222eNOo,Default Response Set,Anonymous,,,216.165.95.64,0,2/22/16 13:33,2/22/16 14:17,1,1,1,0,0,52.217,0,1,,,,,,,0,1,7.516,8.348,14.139,2,1,9,1,I wanted the highest amount personally and feel that others in my group would act the same way.  I do not believe everyone in the group will contribute $4 so I am acting in my best self interest.,1,6,7,8,4,9,6,6,9,3,5,3,4,1,6,2,9,7,2,7,7,1,7,3,5,1,2,1,2,4,3,5,3,4,3,3,4,0,5,10,1,2,3,2,2,Whether or not people are primarily self interested when in a group of strangers.  This is shown by asking how much we would like to contribute to the common pot for the good of everyone or focus on what would be best for us as individals.,no,7,9,7,9,76,2,"Miami, Florida",0,40.73170471,-73.9885025,-1
R_22yri5hv99jm8y9,Default Response Set,Anonymous,,,216.165.95.65,0,2/11/16 13:47,2/11/16 14:18,1,1,1,0,0,79.271,0,1,80,1,12.792,12.792,16.297,1,,,,,,,1,9,1,I wanted to test the waters,1,7,7,8,7,8,7,8,8,4,6,5,6,5,6,6,5,7,6,5,8,3,8,7,5,1,2,5,4,6,4,6,6,2,3,5,0,2,7,8,3,2,1,1,2,"I just had a class today that talked about hive psychology. I think the study is trying to show whether people are more competitive or more cooperative. Although we are all selfish beings, in what ways and to what extent would we give up ourselves for the mutual benefits of a bigger group. The task to contribute to a collective fund and sharing the money indicates how selfish and selfless we are on a scale.",no,6,2,5,2,77,2,China,0,40.73170471,-73.9885025,-1
R_247ANPcNuBdKjl8,Default Response Set,Anonymous,,,216.165.95.65,0,2/11/16 13:47,2/11/16 14:20,1,1,1,0,0,70.47,0,1,80,1,6.57,9.242,16.862,2,,,,,,,1,9,1,So that I can cpntribur spme amount but keep more to myself,1,8,9,8,6,9,8,6,8,7,8,8,8,7,9,7,3,6,3,7,8,5,7,6,7,6,6,8,4,7,5,9,9,3,3,4,0,0,4,7,3,1,3,1,2,It was trying to show how much are we willing to look out for others in a group randomly assigned with strangers and to what extent we look for our own being,No,4,2,3,2,72,1,"Mumbai, India",6,40.73170471,-73.9885025,-1
R_24HNRkFX1aoQstD,Default Response Set,Anonymous,,,216.165.95.64,0,4/6/16 11:30,4/6/16 12:15,1,1,1,1.783,38.182,39.763,30,1,,,,,,,400,1,2.727,2.727,11.801,1,1,9,1,So that everyone can get the most money possible ,1,9,5,9,9,9,7,8,9,7,9,9,9,8,9,8,3,8,6,8,8,7,7,8,6,7,5,7,5,8,7,9,9,5,10,10,0,1,8,8,3,2,2,2,2,Trusting strangers and others in your life,no,6,2,6,2,72,1,"Kottayam, India",1,40.73170471,-73.9885025,-1
R_26mOu4rCQb1v0Wo,Default Response Set,Anonymous,,,216.165.95.64,0,3/7/16 12:49,3/7/16 13:33,1,1,1,0,0,118.94,0,1,158,1,11.241,11.241,19.425,1,,,,,,,1,9,1,If every one thinks of the max payoff they can get by not contributing any amount then in a whole there will be no gain to anyone  / where as if we contribute entire 4$ then there are chances that you will not earn the 4$ back so anything between that is good in terms of taking risk to earn ,1,8,7,9,8,7,8,8,7,2,7,3,5,5,7,7,5,7,8,8,7,6,6,8,7,8,8,5,6,7,4,8,9,3,3,3,0,0,5,5,1,3,1,1,2,How do you feel about others in a group and how would you act as a part of group when doing decision like financial that involves your own money at stake. Its been shown by the multiple choice questions that the study is trying to find out the behavior towards others related to trust.,That there is any group of four who will decide that how much they will contribute to group  / This is because the first question was having a timer to force the decision rather thinking and there was no result after that or any wait time that suggest that we are in a group or anything like that.,2,5,9,6,70,1,"Delhi, India",1,40.73170471,-73.9885025,-1
R_27exCPAMPtuLs49,Default Response Set,Anonymous,,,216.165.95.65,0,2/11/16 13:47,2/11/16 14:13,1,1,1,2.64,21.991,23.888,3,1,200,1,10.832,10.832,11.732,1,,,,,,,1,9,1,I wanted to add some money but not all of it because I am not sure how the other 3 people will contribute.,1,5,5,7,9,5,5,9,5,7,7,6,6,8,7,7,2,9,9,9,9,3,9,7,6,8,4,9,5,5,3,9,9,3,10,10,0,0,5,8,3,3,3,1,2,"I think this study was meant to gauge how much an individual trusts random people. This is shown by how much money is entered into the pot because if everyone entered all of their money, everyone in the group would benefit the same amount. ",no,4,5,3,4,75,1,"New York, Bronx",1,40.73170471,-73.9885025,-1
R_27vALXoqcaZ75Pu,Default Response Set,Anonymous,,,216.165.95.64,0,2/25/16 13:40,2/25/16 14:19,1,1,1,0,0,84.975,0,1,0,1,6.405,6.405,9.93,1,,,,,,,1,9,1,to get more for myself,1,7,6,8,7,7,8,8,8,5,2,6,8,7,7,7,3,7,6,7,7,3,7,6,6,4,4,3,1,6,2,5,6,1,6,6,0,2,7,9,1,2,1,2,2,draw some correlation between personality type and other-regarding behavior or collectivistic behavior.,no,5,3,5,3,73,1,Singapore,0,40.73170471,-73.9885025,-1
R_28ROYWyKDl9DoKy,Default Response Set,Anonymous,,,216.165.95.64,0,2/22/16 13:33,2/22/16 14:19,1,1,1,0,0,70.016,0,1,0,1,8.775,8.775,9.881,1,,,,,,,1,9,1,to increase my payoff,1,6,7,9,5,3,6,5,3,5,7,6,7,2,7,6,6,7,5,7,8,6,7,5,4,7,7,5,8,6,7,9,8,3,2,3,0,0,5,7,3,1,3,1,2,It shows how much a person judges the decision of strangers especially when their decision impacts his own outcome,no,6,2,6,2,72,1,"Hyderabad, India",0,40.73170471,-73.9885025,-1
R_28ZAVn5lCEyKiuZ,Default Response Set,Anonymous,,,216.165.95.64,0,2/25/16 13:39,2/25/16 14:16,1,1,1,0,0,101.826,0,1,0,1,7.503,7.503,8.684,1,,,,,,,1,9,1,"I dont want to loose money by contributing, so kept that money",1,5,5,7,5,5,7,6,5,5,9,5,6,5,7,4,6,5,3,5,5,9,7,5,9,3,5,7,3,5,5,9,5,3,0,3,0,1,5,7,2,1,2,1,2,Whether to contribute for a group or keep with yourself to earn more money,no,4,4,4,4,72,1,"Mumbai,India",1,40.73170471,-73.9885025,-1
R_2a8Bgzq5WfICUrk,Default Response Set,Anonymous,,,216.165.95.65,0,11/19/15 14:15,11/19/15 14:57,1,1,1,0,0,39.269,0,1,,,,,,,400,1,5.321,5.321,15.852,1,1,9,5,"If everyone puts in four dollars, we stand, as a group, to gain the most.",1,5,1,4,7,8,7,8,8,2,2,1,4,1,5,3,9,8,8,9,8,6,8,7,7,6,4,7,7,8,3,3,5,1,0,0,0,0,7,9,1,2,3,2,2,"The study was trying to show how people operate within groups, and how much they are willing to sacrifice for the good of the group. ",No,6,2,6,2,77,1,"Reading, England",0,40.73170471,-73.9885025,-1
R_2ah6B3VbkxeLnTE,Default Response Set,Anonymous,,,216.165.95.64,0,4/13/16 12:51,4/13/16 13:25,1,1,1,109.419,109.419,110.943,1,1,32,1,8.589,8.589,11.707,1,,,,,,,1,9,2,i think it will give me the highest payoof as i dont trust other people that they will contribute theirs.,1,7,6,3,6,5,8,7,7,7,6,7,2,6,6,5,2,7,5,6,6,7,6,8,8,9,9,8,4,1,5,9,1,1,0,2,0,0,5,6,3,3,3,1,2,it was trying to get my personality or to show me how i am actually are.,no,4,4,5,2,71,2,India,0,40.73170471,-73.9885025,-1
R_2aQex9uk7m1UELT,Default Response Set,Anonymous,,,216.165.95.64,0,4/6/16 12:43,4/6/16 13:20,1,1,1,0,0,92.577,0,1,0,1,11.676,11.676,13.682,1,,,,,,,1,9,1,Others will also choose to keep money to themselves to earn more. So even I did.,1,7,8,9,8,7,9,7,3,5,5,6,4,5,8,7,5,7,9,7,8,7,8,5,7,5,8,3,6,8,5,8,9,4,2,3,0,1,3,8,3,1,3,1,2,I feel this study was trying to show the decision making of an individual based on other individuals. How one would make their decisions depending on what the others would make.  ,no,4,4,5,2,73,1,"MUMBAI, INDIA",1,40.73170471,-73.9885025,-1
R_2aysobbMLmWQgWc,Default Response Set,Anonymous,,,216.165.95.65,0,11/19/15 14:09,11/19/15 15:07,0,1,1,0,0,117.562,0,1,,,,,,,200,1,100.047,125.484,127.241,5,1,9,1,I CHOSE TO CONTRIBUTE THAT MUCH BECAUSE IF EVERYONE DECIDES TO CONTRIBUTE 0 THEN THE GROUP GETS NOTHING. SIMILARLY IF EVERYONE DECIDES TO GIVE $4 THEN EACH ONE GETS $8. I ASSUME PEOPLE WILL CONTRIBUTE $4 IN WHICH CASE PERSONALLY I GET A LITTLE MORE.,1,7,7,6,7,9,6,9,7,1,9,1,8,5,9,7,4,8,9,8,9,1,6,6,8,4,4,9,6,6,1,9,9,1,0,0,0,0,3,7,1,1,2,1,2,I THINK THE PRESENT STUDY WAS TO FIND OUT ABOUT PEOPLE'S TENDENCY TO TRUST OTHERS AND GIVE MORE TOWARDS OTHERS OR THEMSELVES. BASICALLY TO SEE IF PEOPLE ARE MORE SELFISH OR SELFLESS AND WHETHER THEY THINK OTHERS ARE SELFISH OR SELFLESS. ,NO,2,3,9,6,74,1,,,,,-1
R_2dW5cOKbuY2ylqQ,Default Response Set,Anonymous,,,216.165.95.65,0,2/11/16 13:47,2/11/16 14:23,1,1,1,0,0,82.18,0,1,211,1,9.085,9.085,15.914,1,,,,,,,1,5,1,It will provide good amount to the whole team.,1,9,8,9,9,8,9,8,9,2,8,2,9,5,9,9,6,8,8,9,9,8,8,8,8,8,8,8,8,9,8,9,9,3,1,15,0,0,8,9,1,3,3,2,2,Judging the human behaviour and characteristics now a days.,no,7,9,7,9,73,1,india,5,40.73170471,-73.9885025,-1
R_2Eianb8ucBfUGpP,Default Response Set,Anonymous,,,216.165.95.64,0,4/6/16 12:43,4/6/16 13:20,1,1,1,84.734,84.734,85.209,1,1,323,1,8.446,8.446,14.031,1,,,,,,,1,9,1,"Wants to earn the most as a group but afraid someone will keep the full amount, so didnt contribute the full 400 cents",1,9,6,9,7,9,9,6,5,7,6,3,3,1,8,3,3,8,6,8,7,2,7,9,2,8,8,1,7,9,5,8,7,3,7,6,0,2,9,10,1,2,1,2,2,whether the level of trust will verify the amount people would like to put into the group pool,no,2,7,9,7,72,2,"Beijing, China",0,40.73170471,-73.9885025,-1
R_2fBaV0aNGfY7uOs,Default Response Set,Anonymous,,,216.165.95.64,0,2/25/16 12:40,2/25/16 13:18,1,1,1,0,0,31.656,0,1,,,,,,,400,1,3.525,3.525,5.244,1,1,9,9,"There were no risks involved, so it made sense to contribute the maximum amount that would give the greatest return.",1,9,9,2,9,9,6,7,9,9,9,9,9,1,8,9,9,4,2,6,3,2,8,1,4,1,1,1,1,3,1,3,9,3,2,6,0,2,1,8,2,3,1,1,2,"I believe it was meant to test the economic decisions of random individuals when given the option of contributing to a group sum. I think the subsequent questions were meant to assess the types of individuals that gave a lot, a little, and anywhere in between, and how those people reacted to various different statements.","Sometimes the study claims to be a group of 3 random participants, when in reality it's one individual (myself) and two auto-computers. That would be my main suspicion.",2,6,3,6,78,1,"Wyandotte, MI, USA",0,40.73170471,-73.9885025,-1
R_2ltPYwu2RdZol1f,Default Response Set,Anonymous,,,216.165.95.64,0,2/22/16 13:33,2/22/16 14:17,1,1,1,0,0,72.823,0,1,240,1,12.976,12.976,16.632,1,,,,,,,1,9,1,"i didnt want to comtribute all my money, however if noone contributes then nooone earn",1,7,3,6,8,5,6,6,5,6,8,7,6,4,6,6,5,8,7,6,7,8,8,7,8,8,8,8,7,6,6,9,7,4,4,6,0,0,3,7,3,1,2,1,2,I think it was trying to show which people are trusting and how are not based on how much money they would pool in with others to get a collective profit rather than fending for themselves,no,5,3,5,3,76,2,"Bangalore, India",0,40.73170471,-73.9885025,-1
R_2ocG0DnOeSI89J7,Default Response Set,Anonymous,,,216.165.95.64,0,11/19/15 14:08,11/19/15 15:07,0,1,1,0,0,82.429,0,1,350,1,11.46,11.46,12.692,1,,,,,,,1,9,1,"I put in 350 cents because I felt that a bet like that would have been a safe bet to make in a game of cards. That if you lost in that round, that you would still have more to bet in the next round, not a lot, but still a sum.",1,6,7,8,5,9,5,6,7,6,6,5,5,2,7,8,2,7,4,5,4,5,9,6,6,1,2,4,8,3,3,4,6,1,0,0,0,0,4,8,1,3,3,2,2,How likely it is for a person to donate to a cause that backs a movement which is financially more stable for the people involved. ,Was curious as to why the timer was so quick when deciding the amount of money put into the pot.,9,5,9,6,78,1,"Kitchener, Ontario, Canada",0,,,-1
R_2OVDXfQm4DQ0Yrq,Default Response Set,Anonymous,,,216.165.95.64,0,11/23/15 11:37,11/23/15 12:19,1,1,1,0,0,55.637,0,1,0,1,4.099,4.099,6.117,1,,,,,,,1,9,1,Greedy,1,5,9,9,7,1,9,1,1,1,1,1,6,1,1,2,6,7,5,7,6,6,7,6,7,1,1,6,3,4,5,1,1,3,2,2,0,0,4,7,3,3,3,2,2,Prisoner's dilemma or a variation that emphasizes greedy and altruistic behavior. Shown by anonymous partners that won't know my behavior.,no,9,4,2,7,73,1,"Skillman, NJ, USA",0,40.73170471,-73.9885025,-1
R_2P1hGtXkzwVza6R,Default Response Set,Anonymous,,,216.165.95.64,0,4/13/16 12:45,4/13/16 13:24,1,1,1,0,0,127.257,0,1,,,,,,,239,1,13.658,15.868,17.488,2,1,9,1,The possibility that all the members would contribute the highest amount,1,7,8,7,7,7,8,8,8,7,9,9,8,7,8,8,7,8,8,9,9,6,9,6,8,6,7,9,7,8,6,9,9,3,4,4,0,0,3,8,2,1,3,2,2,"In my belief, the present study was based on personality assessment or the understanding of natural human tendencies in the community. The study comprised of questions which are a part of day to day life and are a part of one's personality.",no,2,5,4,5,73,2,"Mumbai, Maharashtra, INDIA",2,40.73170471,-73.9885025,-1
R_2rwhVCYHUjenuO0,Default Response Set,Anonymous,,,216.165.95.64,0,2/25/16 12:40,2/25/16 13:19,1,1,1,0,0,45.258,0,1,301,1,11.183,11.183,12.239,1,,,,,,,1,9,9,"I would rather contribute all of my 400 cents so that it is double, but I kept 100 cents in case everyone else keeps everything",1,8,1,8,2,4,5,3,6,3,9,5,3,1,4,3,6,8,2,5,8,6,7,6,4,1,1,2,5,7,8,1,9,5,7,10,0,0,2,3,3,1,2,2,2,"I guess how the way you see yourself (characteristics such as selflessness etc), which you indicate in the questions, as compared to what you allocated when you were actually given the choice of keeping money to yourself or not",Might be too simplistic,5,4,4,4,75,2,"Sao Paulo, Brazil",0,40.73170471,-73.9885025,-1
R_2scBO8Hqp4Ebmc6,Default Response Set,Anonymous,,,216.165.95.64,0,2/22/16 13:33,2/22/16 14:14,1,1,1,0,0,66.926,0,1,163,1,7.757,7.757,8.769,1,,,,,,,1,9,5,Pressed for time,1,8,5,8,6,7,8,7,8,5,8,6,7,5,7,8,3,8,7,8,7,4,9,7,6,6,4,8,7,7,3,9,9,3,10,10,0,0,3,7,3,1,3,1,2,"Whether or not people think that human beings, specifically strangers, are inherently good or evil through a questionnaire and how much you would allocate money to the benefit of others or yourself.",no,2,2,5,2,78,2,New York,0,40.73170471,-73.9885025,-1
R_2sSdcw8GPnJBlsa,Default Response Set,Anonymous,,,216.165.95.64,0,4/13/16 12:51,4/13/16 13:31,1,1,1,11.137,11.528,26.834,2,1,,,,,,,158,1,10.093,18.669,19.999,2,1,4,3,because this is the amount that is not too much and not too little,1,7,7,6,6,7,8,6,5,3,5,3,5,3,3,3,8,7,7,5,7,5,6,5,7,6,3,5,3,6,6,7,6,3,12,16,0,0,2,4,3,1,2,1,2,"It was trying to show what kind of characteristics people who are either willing to give up some of their money for others or unwiling to do so have. It tried to show it by challenging people to see whether they want to give up, the thing that most people often desire a lot, which is money. ",no.,4,4,4,4,74,2,"Seoul, Korea",0,40.73170471,-73.9885025,-1
R_2tAmNmclrwWEUWL,Default Response Set,Anonymous,,,216.165.95.64,0,2/25/16 13:40,2/25/16 14:19,1,1,1,72.563,72.809,74.158,2,1,,,,,,,200,1,10.197,11.663,12.08,2,1,9,1,"I wanted to find the balance between max payoff for the group and max payoff as an individual, so I chose to split down the middle and contribute 200 cents, which I felt would be a fair contribution. ",1,5,6,6,5,4,5,4,4,5,5,5,4,4,5,4,4,5,4,4,5,4,5,5,5,1,1,4,5,5,5,4,4,3,7,7,0,3,5,5,3,3,3,1,2,Trying to figure out whether or not people mostly look out for themselves or for other people in situations with potential for reward.,"I had thought there would be more of an activity prior to the questionnaire, as that has been my experience with previous experiments. So I'm thinking the experiment has more to do with the questions asked than the actual activity. ",4,5,5,3,75,1,"Palo Alto, CA, USA",0,40.73170471,-73.9885025,-1
R_2tDuLx4CNdwaEEa,Default Response Set,Anonymous,,,216.165.95.64,0,3/7/16 12:51,3/7/16 13:15,1,1,1,0,0,46.031,0,1,400,1,5.638,5.638,6.66,1,,,,,,,1,9,1,Contributing all $4 results in the greatest overall payoff for everyone in the group.,1,6,4,5,3,6,6,8,6,2,6,3,7,1,7,4,6,7,5,7,8,6,7,7,8,4,6,7,7,6,6,7,7,3,10,10,0,3,4,8,3,1,3,1,2,"I think this study is trying to find the relationship between our perceptions of others' intentions, truthworthiness, and selflessness and our according behaviors when interacting with others.",No,5,3,4,3,75,2,"Albertson, NY",0,40.73170471,-73.9885025,-1
R_2tEcK58AWE1mov1,Default Response Set,Anonymous,,,216.165.95.64,0,2/22/16 13:33,2/22/16 14:16,1,1,1,0,0,31.941,0,1,,,,,,,0,1,12.878,12.878,16.362,1,1,9,1,to elimiate the risk,1,7,9,9,1,9,9,9,9,1,9,1,9,1,9,9,1,9,3,6,7,1,7,5,9,1,1,4,4,4,3,5,5,2,1,3,0,0,1,10,3,3,3,1,2,the study of group thinking and how individuals decision can affect the overall profits for the group,no,7,7,7,7,75,1,china,0,40.73170471,-73.9885025,-1
R_2uJrPsDJ8wGGLgp,Default Response Set,Anonymous,,,216.165.95.65,0,1/21/16 12:46,1/21/16 13:19,1,1,1,0,0,122.41,0,1,,,,,,,200,1,21.842,21.842,23.969,1,1,9,1,it was in the middle of the two ranges so both myself and the group benefits by about the same amount/is harmed by about the same amount,1,6,7,9,4,6,4,8,4,8,9,7,7,4,6,6,4,4,3,9,6,7,6,7,4,4,3,9,6,8,7,8,4,4,3,5,0,2,3,6,2,1,2,1,2,how our opinions on our own individuality affect how we interact in a group scenario,no,2,2,2,3,75,2,New York City,0,40.73170471,-73.9885025,-1
R_2uyvVOw81BgyuCZ,Default Response Set,Anonymous,,,216.165.95.64,0,2/25/16 12:40,2/25/16 13:22,1,1,1,0,0,45.753,0,1,,,,,,,197,1,12.189,12.189,15.221,1,1,9,9,Because I feel Its safe to contribute between 0 to 400 cents so that all group memners would receive including me,1,9,9,9,9,9,9,7,9,2,9,4,8,4,7,9,5,7,8,8,9,5,9,9,9,4,6,9,7,9,2,9,9,1,2,4,0,0,5,5,3,3,3,1,2,It was just trying to show my perception about society and also to know myself more in different ways. repeating same question in different way to see wheter response change with little change of statement,no,6,2,6,2,73,2,India,0,40.73170471,-73.9885025,-1
R_2VdOG1Tl2fTx7x8,Default Response Set,Anonymous,,,216.165.95.64,0,2/25/16 12:40,2/25/16 13:26,1,1,1,0,0,88.634,0,1,,,,,,,300,1,28.136,28.136,29.544,1,1,7,8,"I randomly chose an amount that wasn't too low or too high, but would benefit both the group and me personally. ",1,8,8,9,8,8,7,8,8,8,9,8,7,2,3,3,7,8,8,8,7,5,6,6,7,3,3,7,6,5,6,4,8,1,0,10,0,1,2,4,3,3,2,1,2,"It was more about analysisng a perosn view about benfiting from a certain activity or a sudy in this case. It possibly is trying to show us, how one tries to coeperate within a group look out for others and at the same time fulfils his/her self interests. Also it allows that we may need to trust each other to create a harmonizing environment. It tested us based on the questions and the money we contributed. ",Currently none,4,7,3,5,72,2,"Mumbai, India. Bangalore, India. Riyadh, Saudi, Jeddah, Saudi. ",0,40.73170471,-73.9885025,-1
R_2vj1cwobVATXvk6,Default Response Set,Anonymous,,,216.165.95.65,0,1/21/16 12:46,1/21/16 13:30,1,1,1,112.026,112.026,118.171,1,1,150,1,8.654,8.654,13.467,1,,,,,,,1,9,1,"There was a possibility that all 4 of us would put in 4$, which was very unlikely because of the human anxiety plus cunning nature. Also as that money gets doubled but gets equally divided among us 4, contributing 0 cents was not a good decision as I may personally have incurred a loss. 1.5$ felt a good trade off between the two.",1,8,6,9,5,7,6,7,9,7,9,4,7,7,7,9,2,8,7,8,9,8,5,7,8,1,4,6,6,6,6,7,9,1,1,1,0,0,5,7,3,2,2,1,2,The study was trying to show how much a person trusts others and how much self centric he/she can be. This study did so by asking some simple questions on things we think sub consciously in daily life but dont really give it a deep thought. ,no,2,4,9,4,75,1,"Mumbai, India",1,40.73170471,-73.9885025,-1
R_2w5cIImlwjc3N0P,Default Response Set,Anonymous,,,216.165.95.65,0,2/11/16 13:47,2/11/16 14:22,1,1,1,0,0,38.784,0,1,,,,,,,400,1,4.875,4.875,5.833,1,1,9,9,"Because if all of us contribute maximum amount, everyone can be in profit",1,8,9,9,5,7,9,8,8,7,5,7,6,7,9,2,2,5,4,6,8,7,6,4,1,1,4,3,9,5,5,9,8,3,4,4,0,0,5,5,3,1,3,1,2,"The present study was trying to show if money comes in to the picture and you are given an option to keep all the money to yourself or split equally amongst everyone, what will you choose. It was well followed by series of questions that asked for justification as why did you choose your answer. ",no,9,7,9,6,74,1,"Mumbai, India",1,40.73170471,-73.9885025,-1
R_2wLTmMl3KlzTtnv,Default Response Set,Anonymous,,,216.165.95.65,0,11/23/15 11:37,11/23/15 12:21,1,1,1,0,0,50.249,0,1,,,,,,,400,1,28.139,30.182,34.546,2,1,9,1,"i WANTED TO WORK AS A TEAM TO ACQUIRE A SIGNIFICANT AMOUNT OF Funds. Also on this day, I feel particulalry trustworthy of my peers, so I hope they will choose team benefit over self acton. ",1,8,6,8,8,8,3,6,9,6,4,5,5,1,4,6,6,7,7,6,7,4,7,5,8,3,6,7,7,7,7,5,8,2,5,4,0,2,6,7,1,3,1,2,2,"I think it was trying to obtain the person's thnking on group thought and how they precieve individual benefits vs altruistic action. Through the questions and activity, it tried reconciling ones initial beliefs with real life circumstances and dilemmas.","Maybe your monetary reward wasnt actually based on those choices ""made by your peers.""",5,3,5,2,76,1,New Jersey,0,40.73170471,-73.9885025,-1
R_2wLWwrJRWjYzwaQ,Default Response Set,Anonymous,,,216.165.95.64,0,2/25/16 14:12,2/25/16 14:25,1,1,1,0,0,8.246,0,1,5,1,5.654,5.654,6.666,1,,,,,,,1,9,1,"If my decision would not influence how others get paid, I will choose the option that benefits myself the most.",1,7,7,9,7,9,9,8,9,7,7,6,7,5,7,7,3,7,7,9,5,6,7,7,9,7,3,3,3,7,7,8,9,3,5,5,0,4,3,6,3,3,3,2,2,How people make decisions when knowing that these decisions will influence the well-beings of others. ,no,5,2,2,3,75,2,China Beijing,0,40.73170471,-73.9885025,-1
R_2wN8PfZBaY7RuKx,Default Response Set,Anonymous,,,216.165.95.64,0,3/7/16 12:51,3/7/16 13:30,1,1,1,0,0,86.035,0,1,,,,,,,5,1,10.007,10.007,18.212,1,1,9,1,"To maximize my chance of winning the profit as I will have the amount given to me + the amount came from group. / Even if no one contributed to the group I will have my min amount. / If I only contributed and no one else, I will loose my min amount and will get less than $4",1,7,8,9,8,7,8,9,7,5,7,4,7,3,9,8,7,9,9,8,9,8,9,9,8,7,8,8,8,8,9,9,9,3,4,4,0,0,6,8,3,1,1,1,2,"In my opinion, current study is all about knowing if the person is a team person or not and how can he trust other in a group of unknown people. In shot to know the behavior of person when given some activity with unknown people with interacting with them.",no,6,7,6,3,72,1,"Vadodara, India",1,40.73170471,-73.9885025,-1
R_2wzgjCAid6zpvN5,Default Response Set,Anonymous,,,216.165.95.64,0,2/22/16 12:42,2/22/16 13:16,1,1,1,7.746,10.736,24.731,2,1,,,,,,,200,1,18.374,18.374,22.373,1,1,9,9,"To ensure that I don't get totally screwed, but still encourage others to participate in the group project.",1,9,6,9,6,7,7,4,9,8,6,6,1,1,6,6,5,6,4,3,9,7,9,7,6,1,2,1,5,4,2,4,3,4,10,10,0,3,3,6,2,1,2,1,2,"How people will react in a situation where trust and monetary gain is involved based on their personal views on trust, self sacrifice, and fairness. ",Misleadsing questions during the survey. ,3,2,6,9,76,2,"Philadelphia, PA",0,40.73170471,-73.9885025,-1
R_2Y9u1uVPqKtSmHB,Default Response Set,Anonymous,,,216.165.95.64,0,2/25/16 12:40,2/25/16 13:17,1,1,1,0,0,29.018,0,1,400,1,3.339,4.865,5.894,2,,,,,,,1,9,1,"Because if we all decided to pitch our money in, the whole group would double their money and get 8 dollars. ",1,8,6,8,6,8,7,7,8,7,6,8,5,2,7,6,4,8,7,8,9,5,9,5,4,4,6,9,8,3,8,4,6,3,1,1,0,1,4,7,2,3,2,2,2,it was trying to show how trusting you are of others by seeing if you would pool money and asking personality questions,"Thinking it may have been deceptive, since I learned many studies are",2,4,5,2,77,2,"Chicago, IL",0,40.73170471,-73.9885025,-1
R_2YEb9WwSsJAQJGg,Default Response Set,Anonymous,,,216.165.95.65,0,1/21/16 12:46,1/21/16 13:28,1,1,1,0,0,65.481,0,1,,,,,,,247,1,12.541,12.541,13.932,1,1,7,6,"I chose to contribute the amount because i felt it will bring profit, may not be the most, but will not get me a loss.",1,8,2,9,7,9,9,6,8,1,5,1,8,5,6,9,7,8,7,7,9,7,9,8,8,4,5,5,9,5,3,5,7,1,0,0,0,0,6,6,3,1,3,2,2,The present study focussed on the thinking of a person in a routine life when he/she is faced with a different incident. The study also tried to assess how one would react in a team and how the same person would react when he/she is alone. ,no,6,2,6,9,73,1,"Bangalore, India",0,40.73170471,-73.9885025,-1
R_2ZIhtezZMqyOZ03,Default Response Set,Anonymous,,,216.165.95.65,0,2/11/16 13:47,2/11/16 14:30,1,1,1,0,0,93.669,0,1,202,1,10.079,10.079,12.348,1,,,,,,,1,9,5,I contributed that amount so that all the team members have equal opportunity to earn from the 50 percent(Doubled) and keep half of the money secured with me with minimal risk involved.,1,9,7,9,9,8,8,9,8,3,7,4,6,8,6,6,7,9,9,9,8,9,8,9,9,8,6,7,8,7,4,9,9,1,1,1,0,0,5,8,3,1,2,2,2,This study is meant to test how much you trust an unknown person by contributing your money on 3 members unknown to you in a group.,No,2,2,2,2,72,1,"Mumbai, India",1,40.73170471,-73.9885025,-1
R_2ZOiD8y3fUpYDuJ,Default Response Set,Anonymous,,,216.165.95.64,0,2/25/16 12:43,2/25/16 13:20,1,1,1,0,0,75.683,0,1,,,,,,,400,1,7.489,13.368,15.985,3,1,9,5,"I chose to contribute $4 because if the other person does so too we have a greater payoff, however I chose $2 for the other question just in case the other person is not willing to contribute all of his or her money, I am still left with something.",1,9,9,9,9,9,9,9,9,1,6,1,4,5,3,5,7,5,6,9,9,5,9,5,7,9,5,4,9,7,5,7,9,3,2,2,0,1,7,8,3,3,3,1,2,"The study was trying to understand how we perceive ourselves and others, and how this perception affects our way of life. ",no,3,7,9,5,75,2,Antigua and Barbuda ,0,40.73170471,-73.9885025,-1
R_302e7qhe4KaB2Mp,Default Response Set,Anonymous,,,216.165.95.64,0,4/6/16 12:43,4/6/16 13:18,1,1,1,0,0,89.927,0,1,15,1,4.377,8.688,11.967,4,,,,,,,1,9,1,I actually wanted to play safe and not loose more money,1,7,7,8,8,9,1,9,9,3,9,4,9,2,9,9,9,9,8,9,9,8,9,9,9,7,6,9,8,9,5,9,9,2,0,0,0,0,5,8,3,2,1,1,2,Present study was trying to know whether you can trust strangers or not. How statistically you can play and whether winning or losing matters to you,no,7,9,6,9,73,1,India,0,40.73170471,-73.9885025,-1
R_31XJSfEQh3Zd6sY,Default Response Set,Anonymous,,,216.165.95.65,0,2/11/16 13:47,2/11/16 14:13,1,1,1,0,0,30.046,0,1,400,1,5.027,5.027,5.75,1,,,,,,,1,9,1,Everyone wins out if we all donate 4 dollars,1,9,8,9,7,8,9,8,8,9,8,7,8,1,9,9,9,5,9,6,9,7,9,9,9,3,8,8,8,9,9,8,8,1,10,10,1,6,2,6,2,3,3,1,2,If trust affects how much money I allocate  ,no,5,9,5,9,72,1,Houston,0,40.73170471,-73.9885025,-1
R_33x7Arft8m1qt84,Default Response Set,Anonymous,,,216.165.95.64,0,11/23/15 11:37,11/23/15 12:19,1,1,1,0,0,52.553,0,1,400,1,8.193,8.193,9.602,1,,,,,,,1,9,1,"If everyone in the group contributes all of their portion, everyone will benefit.",1,8,6,8,5,4,6,5,3,4,3,3,5,3,3,3,7,7,6,5,7,7,6,4,4,6,4,7,5,3,7,3,6,2,1,3,0,0,7,7,3,2,1,1,2,"It was trying to show the interactions between group members when faced with a problem affecting all members of the group, not just themselves; the study shows this based on the people either thinking of the whole group or only their own self interest.",No,4,4,5,5,75,2,rural Pennsylvania,0,40.73170471,-73.9885025,-1
R_3CBGG4R2PBYGGEF,Default Response Set,Anonymous,,,216.165.95.65,0,1/21/16 12:46,1/21/16 13:25,1,1,1,23.043,81.009,83.636,4,1,,,,,,,76,1,15.661,27.135,40.579,3,1,9,1,"I just randomly picked a small portion to contribute, less than 2 dollar for sure ",1,8,3,8,7,8,8,6,8,6,8,7,8,5,7,5,4,7,6,7,7,7,9,7,7,6,6,8,5,4,3,8,7,3,2,3,0,0,3,7,3,1,2,1,2,"this study is trying to study how people's perception towards group/self, competation, trust, corporation etc affects or relates to their behavior when it comes to money.  /  / ",there might not even be a group of 4... If so i wonder how the payoff was decided ,4,3,4,4,72,2,"Luoyang, China; NY ",0,40.73170471,-73.9885025,-1
R_3COuKtWHSJYfC2w,Default Response Set,Anonymous,,,216.165.95.64,0,2/22/16 12:42,2/22/16 13:19,1,1,1,0,0,54.553,0,1,,,,,,,0,1,8.912,8.912,9.895,1,1,9,1,"Because if all 4 of us contribute $4,then all of us get back $8.Its a win-win situation",1,9,9,9,9,1,8,6,9,9,5,7,7,5,1,7,6,8,9,8,9,5,7,9,7,5,5,6,5,7,5,9,9,4,0,10,0,0,1,6,3,2,2,1,2,It sall  about  combined power always benefit people than individual power ,no,6,9,6,9,68,2,India,3,40.73170471,-73.9885025,-1
R_3dDMAJTIBlqg21f,Default Response Set,Anonymous,,,216.165.95.64,0,2/22/16 13:33,2/22/16 14:15,1,1,1,0,0,57.892,0,1,400,1,7.953,7.953,9.128,1,,,,,,,1,9,1,"I chose to contribute the amount that I did because it will create the greatest gain for the group in total. If everyone chooses to keep all of their 400 cents, no one will gain the highest possible amount. ",1,9,3,9,3,6,8,7,7,8,9,9,9,5,8,8,8,7,3,4,8,6,7,7,4,3,5,8,8,7,8,7,9,1,1,1,0,0,4,6,2,1,2,1,2,"I think the present study was exhibiting the prisoners dilemma, a type of game theory problem by trying to prove that most people and in Economic scenarios, firms will try to act in their own best interests and end up with a not-so-benefical outcome for the group.",no,2,2,5,5,79,2,"Singapore, Singapore",0,40.73170471,-73.9885025,-1
R_3EaKpSoE4Ylocer,Default Response Set,Anonymous,,,216.165.95.64,0,4/13/16 12:51,4/13/16 13:25,1,1,1,0,0,118.279,0,1,242,1,11.84,11.84,13.908,1,,,,,,,1,9,1,"I chose around 200 cents, as initially I wanted to test the mentality of other participants without me losing money. ",1,7,8,9,6,9,8,8,9,7,6,7,7,8,8,8,3,7,7,8,8,7,6,5,7,6,4,7,6,8,7,8,7,3,2,6,0,1,6,7,2,3,1,1,2,Present study seems like wants to check how the society behaves in today's times. And to confirm how competetive the world is today on an individual level.,no,6,3,6,3,71,1,India,2,40.73170471,-73.9885025,-1
R_3EXu0O8hD93rpxP,Default Response Set,Anonymous,,,216.165.95.64,0,4/6/16 12:43,4/6/16 13:22,1,1,1,0,0,70.161,0,1,0,1,4.749,11.645,19.602,6,,,,,,,1,9,1,"I expected the other 2 participants to make a safe choice and contribute 4 $ considering their perception that i would do the same, I hence contributed 0$ to enhance my profit from the transcation",1,9,9,7,3,9,6,6,7,5,9,5,6,6,7,6,4,5,5,8,5,4,6,5,6,4,4,5,5,4,3,9,6,3,1,3,0,2,1,4,3,1,2,1,2,"The present study attempted to show the amount of TRUST strangers place in one another by alloting money and allowing strangers in groups to contribute and increae the cash alloted, the study attempts to bring out the nature of the thought process involved behind placing trust in a stranger/ strangers",NO,5,2,6,3,73,1,"Mumbai, INDIA",0,40.73170471,-73.9885025,-1
R_3F2u4loWgg4lXJU,Default Response Set,Anonymous,,,216.165.95.64,0,2/22/16 13:33,2/22/16 14:17,1,1,1,0,0,58.093,0,1,,,,,,,400,1,8.7,8.7,35.14,1,1,9,1,"From the way I understood the experiment, it made more sense to me to donate all my money even if it wasn't the best financial decision for me personally. Sacrifice for the greater good on an extremely small scale I guess.",1,8,5,4,7,9,5,1,9,1,1,2,1,1,2,4,8,9,7,9,8,8,9,8,8,3,6,7,9,7,7,2,8,3,8,8,0,0,8,9,1,2,1,2,2,How individuals are able to work together when money is at stake. The instinct toward competition/being better than others.,no,2,6,2,6,77,2,"San Diego, CA",1,40.73170471,-73.9885025,-1
R_3g9fZJe3waruqJ3,Default Response Set,Anonymous,,,216.165.95.65,0,11/23/15 11:37,11/23/15 12:27,1,1,1,2.375,42.533,50.631,20,1,,,,,,,400,1,3.152,3.152,5.36,1,1,9,1,"I think no one would take the risk of not contributing anything and getting the bigger payoff. If everyone makes this decision, then we can all equally receive the $8",1,9,3,9,9,8,3,7,8,7,9,9,8,8,9,8,3,8,5,8,9,5,9,7,4,4,3,8,5,9,6,9,9,1,0,0,0,0,3,7,2,3,2,1,2,"The study was trying to see whether people trust the others or how people perceive others around us and try to analyze how people would make decisions when theyre put in a situation like ""Individually beneficial"" or ""beneficial as a group"" and asked to choose the group over themselves! ",no,5,4,5,4,75,1,"Chennai, India",1,40.73170471,-73.9885025,-1
R_3hAwUzYd2nf3hlT,Default Response Set,Anonymous,,,216.165.95.64,0,4/6/16 12:43,4/6/16 13:18,1,1,1,28.511,66.017,72.176,3,1,,,,,,,100,1,10.495,10.495,12.745,1,1,9,1,Dont wanna incur much loss personally,1,9,3,8,8,3,7,8,4,5,5,1,3,4,9,8,9,9,2,1,8,3,8,8,7,9,4,1,3,8,2,1,9,3,2,2,0,0,2,8,2,1,2,1,2,"It was trying to find out the level of cooperation between participants, specifically strangers.",no,9,6,9,6,70,1,India,0,40.73170471,-73.9885025,-1
R_3hEX2b485h6FBzy,Default Response Set,Anonymous,,,216.165.95.64,0,4/6/16 11:30,4/6/16 12:22,1,1,1,0,0,77.208,0,1,,,,,,,0,1,15.612,21.028,26.314,2,1,9,1,so as to maximize my earnings,1,9,7,8,7,4,9,5,9,3,9,1,9,9,9,9,1,9,9,9,9,5,9,7,7,3,4,8,7,9,1,9,9,3,3,5,0,0,5,10,2,3,3,2,2,working with and trusting complete strangers,no,7,9,7,9,73,1,"Thane, India",1,40.73170471,-73.9885025,-1
R_3hgMXTbribWUgar,Default Response Set,Anonymous,,,216.165.95.64,0,4/6/16 12:43,4/6/16 13:16,1,1,1,0,0,33.016,0,1,400,1,3.98,3.98,7.35,1,,,,,,,1,9,1,so that everyone can make the most,1,5,4,8,8,6,3,4,8,9,8,8,7,6,6,6,7,7,4,8,7,6,8,6,7,2,5,7,3,6,2,6,7,4,3,3,0,3,3,7,2,1,2,1,2,how people who are very individualistic compare with people who are more concerned with their community/group / ,"suspicious as to if there were robots involved (aka I'm not actually paired up with two other students, I'm paired up with computers)",2,6,9,6,76,2,"New Jersey, US",0,40.73170471,-73.9885025,-1
R_3HHcyelH3Rclxga,Default Response Set,Anonymous,,,216.165.95.65,0,11/23/15 11:36,11/23/15 12:26,1,1,1,0,0,92.112,0,1,400,1,6.573,6.573,7.838,1,,,,,,,1,9,1,With the hope that other members also contributed $4 so that all of us could benefit from the extra money.,1,6,9,9,9,7,9,9,9,8,9,9,3,1,8,8,4,9,5,7,8,9,8,9,4,7,9,7,8,9,9,9,9,1,0,0,0,0,3,9,3,1,3,1,2,"I believe that the present study was trying to figure out how we make our decisions depending upon the strangers,like do we trust in strangers to make the same decisions that we would make if we're in their shoes.",no,5,3,5,3,74,1,INDIA,1,40.73170471,-73.9885025,-1
R_3HwfhRPsutpmdKT,Default Response Set,Anonymous,,,216.165.95.64,0,4/6/16 11:30,4/6/16 12:18,1,1,1,0,0,49.629,0,1,0,1,8.005,8.005,9.542,1,,,,,,,1,9,1,I contributed the amount i did to maximize my contribution,1,6,7,7,6,7,6,8,7,7,8,6,7,5,6,8,6,6,6,6,8,6,8,6,6,6,6,5,6,5,4,7,9,3,2,2,0,0,4,6,2,3,3,1,2,The interaction with strangers and people you know on a daily basis,no,6,9,6,9,73,1,New York,0,40.73170471,-73.9885025,-1
R_3I5WmUutx7sjijv,Default Response Set,Anonymous,,,216.165.95.65,0,2/11/16 13:47,2/11/16 14:19,1,1,1,0,0,72.315,0,1,100,1,3.251,8.482,10.001,3,,,,,,,1,9,1,I would like to contribute in the common project because every one here inn my group should earn equal on near equal.,1,7,7,8,6,7,8,6,7,9,8,9,6,6,8,7,3,6,4,7,8,5,5,7,7,6,7,7,3,6,6,9,8,1,0,30,0,0,6,6,3,1,2,2,2,I think this study is examining the behavior of different humans.,No,5,2,5,3,72,1,India,7,40.73170471,-73.9885025,-1
R_3JrrFHbn61ZRdM8,Default Response Set,Anonymous,,,216.165.95.64,0,3/7/16 12:51,3/7/16 13:24,1,1,1,0,0,155.031,0,1,,,,,,,204,1,10.557,10.557,18.337,1,1,9,1,"As a group if everyone is contributing their whole amount I am getting 8. But if I save all of my money, and other contribute their whole abviously I will get more money than anybody else, but in a group this scenario won't last long!",1,7,7,8,8,6,6,6,4,4,7,4,6,5,7,7,3,7,5,7,8,7,8,6,7,6,5,5,7,6,1,9,7,3,1,7,0,0,4,6,3,1,2,1,2,It was about the behaviour and perception for eachother in a society. Trust Help Contribution Family,no,3,4,3,4,74,1,India,1,40.73170471,-73.9885025,-1
R_3jVvvhMmzjn08Wp,Default Response Set,Anonymous,,,216.165.95.64,0,2/25/16 12:40,2/25/16 13:17,1,1,1,0,0,34.56,0,1,200,1,10.099,10.099,13.161,1,,,,,,,1,9,1,It was in between the optimal amount for the group and the optimal amount for myself so I thought it would be a good compromise,1,4,3,6,8,7,5,7,7,7,7,4,7,6,6,6,4,7,6,4,7,5,8,7,7,3,4,5,5,4,5,3,6,3,1,5,0,1,5,8,3,1,2,1,2,"I think it was trying to see if there was a pattern between a person's traits such as how much they usually trust others, how much they like interacting with others etc. and the amount they would choose for themselves and what they would give to the group. How much does an individual look out for himself and how much do they try to achieve the most benefit for everyone?",no,2,2,2,2,78,2,Barcelona (Spain),0,40.73170471,-73.9885025,-1
R_3k7aQfza60sdaoJ,Default Response Set,Anonymous,,,216.165.95.64,0,2/25/16 12:40,2/25/16 13:19,1,1,1,41.653,42.125,74.584,2,1,,,,,,,300,1,19.465,19.465,20.969,1,1,9,1,"Since it's a group project, I felt it was better if I contributed most of the $4, but not all. Giving it all away felt like too much of a risk / ",1,8,4,9,7,3,9,4,4,8,7,9,3,1,7,3,6,7,5,8,9,7,8,4,8,6,7,8,6,7,3,5,9,1,0,0,0,0,8,9,3,2,2,2,2,"How likely people are to put a group's interest above their own, based on how they relate to other people they encounter in their lives in general.",No,2,3,3,2,75,2,New Delhi,0,40.73170471,-73.9885025,-1
R_3koE3J5BG5YvAoG,Default Response Set,Anonymous,,,216.165.95.64,0,4/6/16 12:43,4/6/16 13:22,1,1,1,99.186,99.186,99.788,1,1,400,1,4.896,4.896,5.851,1,,,,,,,1,9,5,everyone should share for having a good relationship,1,6,7,8,8,8,8,7,9,9,5,7,6,7,8,9,4,9,7,7,7,4,7,6,8,5,3,7,5,7,3,9,9,3,1,1,0,0,5,8,3,1,2,2,2,Getting to know how an individual would think in a society,no,4,4,5,3,72,1,India,0,40.73170471,-73.9885025,-1
R_3KwriXfWeMZ3OQ2,Default Response Set,Anonymous,,,216.165.95.64,0,2/25/16 13:40,2/25/16 14:31,1,1,1,0,0,112.837,0,1,,,,,,,0,1,4.129,5.836,12.197,2,1,9,1,I choose to keep mooney myself . I thought no one would be willing to contribute.,1,7,6,7,5,7,6,7,6,2,6,3,3,5,7,7,3,7,8,7,6,7,7,5,7,7,6,9,5,7,6,7,9,4,3,3,0,3,4,4,3,3,3,2,2,I think the present study is to learn how people react with other in contribution/keeping up with themselves kind of thing. It is showing exactly how they want to show . ,no,6,2,6,2,74,1,"Adoni , India ",1,40.73170471,-73.9885025,-1
R_3LXxprj8KWI6jnt,Default Response Set,Anonymous,,,216.165.95.65,0,11/19/15 14:09,11/19/15 15:06,1,1,1,0,0,205.434,0,1,0,1,9.961,9.961,12.682,1,,,,,,,1,9,1,"I chose to pay 0 cents because it would give me the highest return assuming everybody else is contributing their whole amout i.e. 400 cents, which is highly unlikely. So now I think I made a bad choice on that. But if everybody else is nto contributing at all, whatever amount I would have contributed in that case, I would have lost 3/4 of it straight. So I acted  risk averse.",1,6,5,6,8,8,3,7,9,7,7,6,6,6,7,7,3,9,5,8,8,4,7,8,8,5,6,2,8,7,3,9,9,1,0,0,0,0,1,7,3,1,2,1,2,"I think the study somehow relates how the behaviour of person in his group/society can affect his economic investments (where he invest, what kind of people he trusts for investing his money).",no,9,6,5,6,68,2,"Chandigarh, India",0,40.73170471,-73.9885025,-1
R_3LZuOJNwKbSWc44,Default Response Set,Anonymous,,,216.165.95.64,0,4/6/16 11:30,4/6/16 12:17,1,1,1,0,0,91.824,0,1,,,,,,,200,1,25.077,25.077,27.777,1,1,9,1,"it is contributing some amount while keeping it personal, because I believe not everyone in the group will contribute, there will be some selfish. So taking calculative risk.",1,9,9,8,5,6,7,7,5,2,7,5,8,6,6,7,4,7,6,2,8,7,9,6,7,7,5,4,6,6,3,6,7,3,1,8,0,0,6,7,3,1,2,1,2,person's behaviour in society/group,no,4,3,3,3,74,1,"Ahmedabad, India",2,40.73170471,-73.9885025,-1
R_3M4l4a65Lws5AQh,Default Response Set,Anonymous,,,216.165.95.65,0,2/11/16 13:47,2/11/16 14:21,1,1,1,0,0,60.647,0,1,40,1,12.419,12.419,16.855,1,,,,,,,1,5,5,It was a random selection. But in a way to earn more too as far as my understanding goes while i read the instruction ,1,8,9,7,7,8,8,9,8,7,9,8,6,7,9,9,7,9,9,9,9,8,9,7,9,8,8,7,7,9,6,9,9,1,0,1,0,0,5,7,1,1,3,1,2,It was trying to find out the differently personality of different people and that can people trust strangers anymore,NO,9,5,4,4,74,1,"India, Gujarat ",5,40.73170471,-73.9885025,-1
R_3MoKbV2WvQmGEuf,Default Response Set,Anonymous,,,216.165.95.64,0,4/13/16 12:51,4/13/16 13:19,1,1,1,0,0,54.465,0,1,,,,,,,200,1,9.989,20.922,22.192,4,1,9,1,"I wasn't 100 percent sure if everyone would contribute 400 cents, so I chose 200 cents, which seemed reasonable (as in If others contributed 0 cents, then I would still have 200 cents left in my hands)",1,7,7,9,8,8,5,4,7,6,6,3,4,2,5,2,8,9,9,6,9,9,9,3,3,7,4,6,5,6,3,8,6,4,5,5,0,1,1,7,3,1,3,1,2,"how much the participants are willing to contribute to the group, risking his or her own loss.",no,9,4,9,4,76,2,"Seoul, Korea",0,40.73170471,-73.9885025,-1
R_3Mu6zxF4LZ8Nedr,Default Response Set,Anonymous,,,216.165.95.64,0,4/6/16 11:30,4/6/16 12:24,1,1,1,0,0,80.223,0,1,,,,,,,329,1,36.62,36.62,38.763,1,1,5,1,i was trying to contribute somewhere around the halfway point hoping that others would do the same ,1,7,4,9,5,9,9,5,9,3,1,3,3,1,3,3,9,9,9,9,9,9,9,9,9,9,9,1,9,9,9,9,9,1,0,1,0,0,5,7,3,1,2,1,1,the study was trying find out if people give priority to self interest or interest of a group in general. It tried to this by making people conrtibute to a group with the returns of the contribution being inversely proportional to the contribution.,no,7,3,6,2,75,1,"Visakhapatnam , India",2,40.73170471,-73.9885025,-1
R_3n0Cd9JsJh1Eu1x,Default Response Set,Anonymous,,,216.165.95.65,0,2/11/16 13:47,2/11/16 14:27,1,1,1,0,0,85.643,0,1,,,,,,,0,1,16.194,16.194,37.038,1,1,9,9,This is because of the mindset of the human. All the group members will try to contribute 400c to the group and end up with getting only 6. But if I am the only one who opt out from contribution then I may get maximum amount at the end.,1,7,9,8,9,9,9,9,9,1,9,1,9,9,9,9,1,8,9,9,9,9,9,8,9,9,9,9,5,8,5,9,9,1,1,1,0,0,1,7,2,1,2,1,2,The present study tries to check how much percentage of people will contribute for others.,No,7,9,7,9,72,1,"Surat,India",4,40.73170471,-73.9885025,-1
R_3NOg2Cma4SJQiIp,Default Response Set,Anonymous,,,216.165.95.64,0,2/22/16 12:42,2/22/16 13:17,1,1,1,0,0,60.046,0,1,,,,,,,0,1,17.313,17.313,19.336,1,1,9,1,Pay off is high for that amount,1,4,8,5,5,9,7,5,4,3,6,3,6,7,6,6,6,8,6,8,9,7,8,9,5,3,5,8,5,9,4,9,5,1,0,4,0,0,7,7,1,3,1,2,2,It tried showing about the decision that peole make based on their selfish or selflessness.,No,6,9,6,9,71,1,India,0,40.73170471,-73.9885025,-1
R_3O80ZAuf2P3FC1v,Default Response Set,Anonymous,,,216.165.95.64,0,4/13/16 12:51,4/13/16 13:33,1,1,1,0,0,139.467,0,1,,,,,,,160,1,12.245,35.32,41.609,4,1,4,4,"I chose 150 cents because if everyone spends $1.5 for the group, it will make 4.5 total for the group,which will double to $9, and which will be split in equal $3, so ultimately I can have $5.5,which is 50 cents more than the given amount.",1,8,9,8,9,7,9,8,7,3,8,3,9,9,8,9,3,8,9,9,8,4,9,4,7,5,7,8,2,8,8,9,9,3,0,1,0,0,7,9,1,2,1,2,2,"This study was about the human nature and how a person is willing to contribute from his/her personal funds to the group they are part of. It was the experiment to show whether a person is trying to think only for himself or he shows willingness to contribute in his group, also it studies about whether a person trusts the stranger or not and upto what extent he/she will share their personal funds to the strnagers based on their trust on them.",no,6,2,6,2,74,1,"Ahmedabad, India",1,40.73170471,-73.9885025,-1
R_3PKPn1mK0u03fyH,Default Response Set,Anonymous,,,216.165.95.64,0,4/6/16 11:30,4/6/16 12:18,1,1,1,0,0,56.729,0,1,0,1,7.481,7.481,8.846,1,,,,,,,1,5,5,For more earnings,1,9,8,9,8,7,9,8,8,5,8,6,1,4,5,7,7,7,7,5,8,7,8,1,8,1,1,2,5,5,5,5,9,1,0,2,0,0,8,9,3,3,1,1,2,It was pretty weird so I actually dont know what it was trying to show,no,9,7,9,7,73,1,"Hyderabad,India",2,40.73170471,-73.9885025,-1
R_3qIjtbVs5kHRc30,Default Response Set,Anonymous,,,216.165.95.64,0,3/7/16 12:53,3/7/16 13:21,1,1,1,0,0,66.972,0,1,,,,,,,400,1,11.053,11.053,12.853,1,1,9,1,It seemed fair,1,7,3,9,8,9,5,5,8,3,7,5,5,7,7,7,5,8,4,5,7,7,8,5,7,2,2,8,7,7,3,5,8,3,1,1,0,1,6,9,3,3,2,2,2,The study is meant to show whether a  group can cooperate or ifl one person just look out for themselves. A cooperative group would all put in $4 in order to maximize group profit.,no,6,2,7,9,78,1,"Fontana, CA",0,40.73170471,-73.9885025,-1
R_3QQcuUaatyAgEZJ,Default Response Set,Anonymous,,,216.165.95.65,0,2/11/16 13:47,2/11/16 14:18,1,1,1,0,0,1.303,0,1,,,,,,,323,1,8.876,8.876,9.945,1,1,6,9,It was  the highest amount,1,8,8,8,8,8,8,8,8,2,5,8,3,3,6,7,2,8,8,8,8,8,8,6,8,8,6,7,7,9,2,9,9,2,3,3,0,0,6,8,1,2,3,2,2,It was about winning or loosing and how it affects you. Also it was about my perception about trusting strangers.,no,6,9,6,9,72,2,India,3,40.73170471,-73.9885025,-1
R_3r05tZHTd9gGUku,Default Response Set,Anonymous,,,216.165.95.64,0,2/22/16 13:33,2/22/16 14:18,1,1,1,0,0,44.011,0,1,,,,,,,160,1,17.619,17.619,20.359,1,1,9,1,"I did not want to take on too much risk, but I also wanted to earn more money. So I chose an amount that I personally thought reached a nice balance between the two trade-offs. ",1,8,5,7,6,8,4,7,9,5,4,4,3,3,5,5,3,7,7,8,8,7,9,6,6,6,6,5,5,4,6,9,9,4,5,10,0,2,7,9,1,3,3,2,2,"How much people are willing to trust strangers vs. their own personal gain. It was trying to see what decisions people make, whether they trust or they woud rather not and ensure their own personal benefit ","I didnt expect it to be this short, and wonder if there's any deception involved since the study asked the questions about deception in previous studies ",2,6,2,6,76,2,"Mumbai, India ",0,40.73170471,-73.9885025,-1
R_3RkMingt6PKNA81,Default Response Set,Anonymous,,,216.165.95.64,0,2/25/16 13:39,2/25/16 14:23,1,1,1,0,0,64.232,0,1,97,1,5.721,11.289,12.544,2,,,,,,,1,9,1,to allow for some buffer if nobody contributes and or to make sure there is some contribution to the group,1,8,5,6,9,9,8,7,9,1,8,2,4,3,5,7,7,9,9,9,9,9,7,3,5,2,4,3,3,5,2,4,9,1,5,5,0,0,7,8,2,3,1,2,2,"to analyze the trust factor, family, surroundings affect a persons sense of being individual and social along with trusting and believing in the people one meets in their day to day life",No,5,2,4,4,71,2,"Mumbai, India",2,40.73170471,-73.9885025,-1
R_3rVCOgcGOpywNeH,Default Response Set,Anonymous,,,216.165.95.64,0,2/25/16 13:40,2/25/16 14:40,1,1,1,0,0,104.049,0,1,,,,,,,163,1,8.459,8.459,10.741,1,1,5,5,"if we contribute 2 each, then the money for the common project would be 10 and once doubled would return 4 per each.",1,9,4,9,8,6,5,8,8,5,6,7,6,5,2,8,7,7,4,9,9,8,8,8,7,3,2,9,7,7,5,9,8,3,0,2,0,0,7,8,2,2,1,2,2,"it is trying to show how much people trust others and the general mentality of humans towards the society, the family, friends and strangers. And most importantly how much self-satisfied a person is and where he finds his happiness. It shows by asking questions related to the person's relation towards others and about the person's own life ethics. what could be his bounds for different scenarios.",I doubt that the experimenter is analysing each person's answers once they are submitted.,5,2,4,4,73,1,"telangana state, India",1,40.73170471,-73.9885025,-1
R_4SHTnfnmFEZp0oV,Default Response Set,Anonymous,,,216.165.95.64,0,4/6/16 12:43,4/6/16 13:17,1,1,1,0,0,71.324,0,1,,,,,,,100,1,11.501,11.501,15.265,1,1,9,1,I wanted to check how much the others in my group will contribute,1,9,6,9,9,7,9,9,8,3,5,5,7,4,8,8,7,9,7,8,9,7,9,7,8,3,3,7,5,9,8,8,9,3,4,10,0,0,3,7,3,1,2,1,2,I think the study wanted to kno how the relationship between children and parents is these days. And also how an individual behaves when in a team.,no,3,4,3,5,74,2,"Hyderabad, India",2,40.73170471,-73.9885025,-1
R_5t2M5i2iQf2whjP,Default Response Set,Anonymous,,,216.165.95.64,0,3/7/16 12:51,3/7/16 13:15,1,1,1,0,0,9.727,0,1,,,,,,,150,1,8.371,8.371,12.626,1,1,9,1,Previous iterations of similar experiments has proved people prefer selfish gains,1,6,6,9,5,7,7,6,7,3,5,7,3,2,6,1,7,7,7,8,7,7,8,7,7,7,6,7,7,6,8,8,7,4,10,15,0,0,3,6,3,1,2,1,2,People's tendency to look out for themselves,no,5,4,5,4,73,1,"Ahmedabad, India",0,40.73170471,-73.9885025,-1
R_6JPcZvZdlc3Rbyx,Default Response Set,Anonymous,,,216.165.95.64,0,4/6/16 12:43,4/6/16 13:18,1,1,1,0,0,52.304,0,1,40,1,14.09,15.899,17.232,2,,,,,,,1,9,1,"I don't know honestly. It was a lot of pressure to decide so quickly. I'm barely awake, but basically I knew in these things people are usually selfish so I definitely wanted to contribute less to avoid being burned but I also didn't want to contribute nothing.",1,6,1,6,7,6,4,6,7,7,3,5,4,2,7,7,3,8,4,6,6,2,6,8,6,2,4,8,5,3,5,4,9,5,30,30,0,3,7,8,1,3,1,2,2,"It was trying to show something about personality types and cooperation in a game type setting, and it also operated under a time constraing either to prove something about the time constraing or to force people to make their most instinctual choice.",no,5,3,5,3,71,1,"St. Thomas, USVI",0,40.73170471,-73.9885025,-1
R_80Wqdoqki3xEZLb,Default Response Set,Anonymous,,,216.165.95.64,0,4/13/16 12:51,4/13/16 13:17,1,1,1,0,0,52.623,0,1,82,1,7.402,10.371,14.784,2,,,,,,,1,1,1,I wanted to at least contribute some instead of none. ,1,7,8,7,8,7,7,7,6,7,8,7,6,7,8,7,4,7,6,7,6,3,6,7,7,8,6,9,5,5,6,8,8,3,3,6,0,0,4,7,2,1,2,1,2,The study is trying to draw a connection between the volunteer's donation to the group and how he/she answered the questions presented later on. It is trying to see if the donation is related to the volunteers feelings towards different situations. The study is assessing the volunteer's psychological behavior and thinking. ,no,4,4,4,4,78,2,"North Brunswick, New Jersey",0,40.73170471,-73.9885025,-1
R_8ca2F2TkyaVJQBz,Default Response Set,Anonymous,,,216.165.95.64,0,2/22/16 12:42,2/22/16 13:15,1,1,1,0,0,50.461,0,1,,,,,,,5,1,9.839,56.66,57.874,3,1,9,1,"Because I expect all individuals in the groups to be profit maximizing, and therefore will contribute nothing in order to maximize potential profit and to avoid losing what they already have ",1,8,6,7,7,8,6,9,7,3,6,3,6,6,6,7,3,6,6,6,6,5,6,3,4,2,3,5,5,5,3,5,5,4,9,9,0,3,5,6,3,1,1,1,2,"Trying to compare the nature of cooperation/lack therefore with one's own background, interests, and beliefs",no,3,4,5,4,76,1,Seoul,0,40.73170471,-73.9885025,-1
R_9QYjfuaeLsGepPz,Default Response Set,Anonymous,,,216.165.95.64,0,2/25/16 12:40,2/25/16 13:19,1,1,1,0,0,75.651,0,1,129,1,9.197,9.197,10.623,1,,,,,,,1,9,1, / so that the earnings would be fair / ,1,9,6,5,9,9,2,4,9,2,2,2,4,2,3,3,3,9,8,9,9,9,9,5,9,3,1,1,1,1,3,4,9,4,15,25,0,20,5,9,3,2,1,2,2,It was trying to show how group mentaility would affect one's perception of  the degree to which  others within a group would be willing to cooperate towards achieving a goal.,no,5,9,4,9,76,1,"US, NY",0,40.73170471,-73.9885025,-1
R_9uCsiRM6PPnXrwJ,Default Response Set,Anonymous,,,216.165.95.64,0,3/7/16 12:51,3/7/16 13:11,1,1,1,0,0,24.701,0,1,400,1,7.838,7.838,8.432,1,,,,,,,1,9,1,do it for the squaaaaa,1,5,3,8,5,6,5,5,5,5,5,4,5,5,4,5,6,5,5,5,7,5,8,6,5,5,6,5,4,5,5,5,4,3,5,5,0,4,3,9,1,1,3,2,2,how much moeny you are willing to give / ,no,4,4,4,4,75,1,"west hempstead, usa",0,40.73170471,-73.9885025,-1
R_AEU8MNEG8DNpDKF,Default Response Set,Anonymous,,,216.165.95.64,0,4/13/16 12:45,4/13/16 13:22,1,1,1,0,0,52.374,0,1,237,1,7.808,7.808,10.759,1,,,,,,,1,9,1,"Since it is my first attempt, i chose to contribute nearly half. It is a safe bet and it will help me judge how the others are contributing.",1,7,7,8,4,6,7,6,6,7,8,8,6,8,6,3,4,5,5,6,7,6,6,5,5,6,6,7,5,6,6,6,8,3,1,5,0,0,3,5,2,3,2,1,2,"I thought this was an economic experiment, but it seems to focus on more on my thoughts about the people who surround me ( strangers, family and friends) and my trust factors with them.",no,9,9,9,9,72,2,"Bangalore, India",1,40.73170471,-73.9885025,-1
R_bavOmXJWidAizlv,Default Response Set,Anonymous,,,216.165.95.64,0,2/22/16 13:33,2/22/16 14:16,1,1,1,0,0,70.809,0,1,10,1,7.932,16.025,20.279,3,,,,,,,1,9,1,I contributed to test and see what the others would do,1,2,9,9,7,7,9,7,9,5,7,8,1,4,8,6,7,6,7,9,9,6,8,6,8,6,5,9,5,7,1,8,8,1,0,0,0,0,5,8,1,2,1,2,2,altruism and people's utility and how that would affect their behavior or thoughts in a working environment,there might be an individual assigned in this room to mess up the data a bit,4,4,4,4,75,2,"Kaohsiung, Taiwan",0,40.73170471,-73.9885025,-1
R_bgxndKEzaFXAAyl,Default Response Set,Anonymous,,,216.165.95.64,0,4/6/16 12:43,4/6/16 13:15,1,1,1,0,0,55.217,0,1,,,,,,,400,1,8.801,10.044,15.807,2,1,9,1,I am hoping that all group members contribute their full $4 so that we can all increase our earnings equally.,1,6,2,5,8,6,7,8,7,7,7,7,4,7,6,8,2,9,7,9,8,8,8,7,7,4,6,7,7,4,3,8,8,3,10,10,0,1,4,7,3,3,1,2,2,I think the present study is dealing with group cooperation and freeriding.,no,6,2,6,2,75,2,"Jackson, Wyoming",0,40.73170471,-73.9885025,-1
R_BQGlFI2ie1pX6O5,Default Response Set,Anonymous,,,216.165.95.64,0,2/22/16 12:42,2/22/16 13:15,1,1,1,0,0,51.498,0,1,320,1,8.229,8.229,9.334,1,,,,,,,1,9,1,it would double other teammates' money.,1,8,7,8,9,6,6,8,7,7,9,7,7,7,8,8,5,8,7,8,9,8,9,7,8,9,7,8,7,8,5,9,9,3,4,15,0,0,6,8,3,2,3,1,2,it was trying to show my general behavior where they tried to check my affinity towards my family and friends and how i would behave with a stranger and regarding the trust factor.,no,3,2,3,2,73,1,"Ahmedabad,India",0,40.73170471,-73.9885025,-1
R_br8prrIcAgbJyHn,Default Response Set,Anonymous,,,216.165.95.65,0,2/11/16 13:47,2/11/16 14:16,1,1,1,0,0,74.417,0,1,,,,,,,400,1,4.083,4.083,6.499,1,1,9,1,Everyone can win if all of us contribute to the group. Win-Win,1,8,8,9,6,9,4,7,7,3,5,4,8,3,7,7,4,7,5,7,7,3,7,6,4,7,6,5,6,7,7,5,9,5,5,7,0,0,7,8,2,3,1,1,2,How selfish one can be in a team.,no,5,9,5,2,74,1,"Gujarat, India",3,40.73170471,-73.9885025,-1
R_C9Ojy4Pre4HaU6t,Default Response Set,Anonymous,,,216.165.95.64,0,4/6/16 12:44,4/6/16 13:32,1,1,1,33.755,42.354,131.009,2,1,,,,,,,242,1,22.529,22.529,24.84,1,1,9,1,"It safe to give a bit more than half the amount to group ,as giving nothing into group and getting most from all, isn't true always.Also giving all and receive best also not true always.",1,6,8,7,9,9,9,7,9,4,8,2,9,4,7,9,9,9,9,9,9,2,9,9,9,8,8,7,8,9,1,9,9,3,0,4,0,0,7,3,3,2,1,1,2,I think this present study is all about each different human being's perception of looking and analysis the things and how would they react given a chance. It analysis mental thinking ability of each unique individual as per their beliefs. ,"No, its just a study about how human take economical decisions as per their personality.",2,9,6,9,73,2,"Vadodara, INDIA",0,40.73170471,-73.9885025,-1
R_D0pBDegeaVyRTzz,Default Response Set,Anonymous,,,216.165.95.65,0,2/11/16 13:47,2/11/16 14:24,1,1,1,0,0,118.653,0,1,,,,,,,400,1,7.369,7.369,17.848,1,1,9,1,If i give $4 and all others contribute the same amount all our funds will double ($8) / . but if i donate $0 and others donate $4 I receive $10. ,1,9,6,9,9,9,9,9,8,9,9,9,8,9,9,8,1,5,6,7,8,4,7,5,8,9,9,7,4,5,3,9,9,2,0,1,0,0,1,4,3,1,2,1,2,This study is trying to understand how people are and how they react to certain situations. This study is trying to ask question I feel about others and its going to take into account how many others feel the same way.,no.,5,5,3,4,74,1,"Mumbai, India",1,40.73170471,-73.9885025,-1
R_dd640TMYSC9lREB,Default Response Set,Anonymous,,,216.165.95.65,0,11/19/15 14:09,11/19/15 14:54,1,1,1,0,0,69.045,0,1,,,,,,,400,1,21.286,21.286,22.888,1,1,9,1,I was thinking about the prisoner's dilemma and thought that if everyone else contributed 400 cents then we could all benefit from the task. ,1,6,5,8,6,6,7,7,7,6,3,3,5,2,4,3,8,6,6,7,7,4,4,6,7,3,4,5,8,3,7,6,8,1,10,2,0,3,4,8,3,2,3,1,2,I think the study was trying to look at people's competitive or cooperative tendencies by putting people in groups and seeing how they make decisions about benefits.,Not sure how the grouping or random pairing works and how the system determines people's responses. ,3,3,4,4,75,2,"New York City, New York - United States",0,40.73170471,-73.9885025,-1
R_DJ2kj7J5m7RmZDH,Default Response Set,Anonymous,,,216.165.95.64,0,4/6/16 12:43,4/6/16 13:13,1,1,1,0,0,31.179,0,1,,,,,,,400,1,13.454,13.454,19.792,1,1,9,1,I want to trust that everyone put in as much thought about the group as I do,1,9,7,8,6,9,6,4,8,6,6,6,7,4,7,4,6,6,7,7,7,6,7,5,6,1,4,3,6,7,6,6,5,3,5,5,0,0,7,10,3,3,1,2,2,It was to try to see whether we will place trust in others' judgement of the group's benefit or not.,No,4,5,4,5,76,2,Hanoi,0,40.73170471,-73.9885025,-1
R_Dq6f8ZNPwbxqSxr,Default Response Set,Anonymous,,,216.165.95.65,0,2/11/16 13:47,2/11/16 14:17,1,1,1,0,0,49.504,0,1,,,,,,,200,1,13.003,16.864,19.029,2,1,9,1,To test what other members would be contributing.,1,7,6,9,7,8,9,9,9,3,7,2,2,1,6,4,7,9,9,9,9,9,9,5,7,2,2,3,7,5,5,3,9,3,2,2,1,0,1,8,2,1,3,1,2,"I believe it was trying to show how much a group of random students are willing to trust each other, by seeing if they were willing to invest or congregate their ""money"" in order for everyone in the group to earn the most that they can.",No,3,5,5,3,74,2,"New York City, NY, USA",0,40.73170471,-73.9885025,-1
R_DuxjyxQMcBactWN,Default Response Set,Anonymous,,,216.165.95.65,0,2/11/16 13:47,2/11/16 14:18,1,1,1,0,0,83.943,0,1,,,,,,,0,1,12.89,12.89,14.044,1,1,9,5,want to earn more so dont want to contribute,1,5,9,1,9,4,7,5,3,7,9,8,9,9,6,5,4,5,5,9,5,8,9,5,9,4,5,7,2,5,5,9,7,5,0,6,0,0,8,8,3,1,2,2,2,about knowing unique characteristics about each individual,no,7,4,4,4,72,1,"Mumbai,India",4,40.73170471,-73.9885025,-1
R_DvJZgBeWx8CEL4Z,Default Response Set,Anonymous,,,216.165.95.65,0,2/11/16 13:47,2/11/16 14:16,1,1,1,0,0,54.736,0,1,400,1,6.363,6.363,7.49,1,,,,,,,1,9,1,collectively we all earn more money,1,8,8,8,7,8,8,7,8,9,8,8,8,7,8,8,3,8,7,8,8,8,8,8,6,2,2,3,6,4,9,8,8,3,3,10,0,5,7,9,3,2,3,2,2,it was trying to show the connection between trust among strangers and family while keeping self-happiness in mind.,no,5,3,6,9,77,2,india,0,40.73170471,-73.9885025,-1
R_eagA2rS9CiTDUyZ,Default Response Set,Anonymous,,,216.165.95.64,0,2/25/16 13:40,2/25/16 14:21,1,1,1,0,0,67.557,0,1,,,,,,,20,1,16.138,19.083,22.028,2,1,9,9,Everyone will be able to get maximum amount of 8 dollars / ,1,7,7,7,6,8,7,7,9,9,6,9,6,4,9,5,7,7,4,6,8,6,8,6,5,3,6,7,5,8,8,8,6,3,3,5,0,2,6,8,3,1,2,2,2,I think this study in trying to understand to what degree each person trusts a group of strangers and their decision making.,no,6,2,6,2,75,1,India,1,40.73170471,-73.9885025,-1
R_eD5TFKAHA8PmJLX,Default Response Set,Anonymous,,,216.165.95.65,0,1/21/16 12:46,1/21/16 13:19,1,1,1,0,0,36.48,0,1,400,1,6.106,6.106,7.029,1,,,,,,,1,9,1,Contributing that amount gives the highest amount to all of the group members.,1,8,7,9,7,8,6,8,8,4,5,7,5,1,6,6,7,9,8,9,8,7,9,7,9,6,6,7,5,5,8,7,9,1,8,10,0,5,5,6,2,2,1,2,2,how much a person is willing to contribute to strangers is related to how trustworthy they believe they are?,no,4,5,3,4,76,2,"Fremont, United States",0,40.73170471,-73.9885025,-1
R_eDT2yFxzlzerx1D,Default Response Set,Anonymous,,,216.165.95.64,0,3/7/16 12:51,3/7/16 13:16,1,1,1,0,0,28.564,0,1,0,1,1.22,2.448,6.785,2,,,,,,,1,9,1,"There is no risk and the possibility for reward with my decision. My actions cannot take into account others' based on these circumstances, so it is optimal for me to act in my own self interest.",1,7,5,7,6,7,5,6,7,6,6,5,7,6,7,9,3,5,5,6,5,6,5,6,6,2,1,6,3,4,3,5,4,2,0,0,0,0,4,7,3,2,3,1,2,It was trying to show the behavioral economic concepts behind cooperation versus selfishness. It showcases how optimal decisions are not always taken by economic agents based on psychological factors that aren't accounted for in an optimization model.,no,9,9,6,9,78,1,"Upper Arlington, OH",0,40.73170471,-73.9885025,-1
R_ODobriqgjjnkDex,Default Response Set,Anonymous,,,216.165.95.65,0,1/21/16 12:57,1/21/16 13:20,1,1,1,0,0,28.999,0,1,,,,,,,0,1,5.498,11.679,13.897,2,1,9,9,Because we are never sure and we should always give ourselves priority.,1,9,5,8,7,5,8,4,7,6,3,8,5,1,6,4,8,7,5,6,5,7,8,6,5,5,7,4,2,5,5,3,5,2,0,0,0,0,3,3,3,3,3,1,2,I think it is to better understand people's decision between strangers.,no,4,3,4,9,71,1,Los Angeles,0,40.73170471,-73.9885025,-1
R_OGVSu2dga0NhyQF,Default Response Set,Anonymous,,,216.165.95.64,0,4/13/16 12:51,4/13/16 13:24,1,1,1,5.083,24.059,69.788,2,1,157,1,9.755,11.777,13.218,2,,,,,,,1,9,1,SO AS TO DOUBLE THE CONTRI,1,9,5,9,9,9,7,9,9,5,9,4,8,9,9,7,5,6,5,9,9,7,9,6,8,5,7,6,4,9,7,9,9,3,0,6,0,0,5,7,3,3,1,2,2,it tried to show there would be situation where we need to trust others,no,7,9,7,2,72,2,mumbai,0,40.73170471,-73.9885025,-1
R_ONCikRBx1mhP3nX,Default Response Set,Anonymous,,,216.165.95.64,0,2/22/16 13:33,2/22/16 14:33,0,1,1,0,0,79.85,0,1,,,,,,,240,1,10,64.841,65.639,4,1,9,7,"That's because, instead of funding the entire money on the team project, it would be wise to save some for self, and use the rest to fund the project. Also, since the team project would yield higher benefits at a greater risk, i would be inclined to put slightly higher amount on the team project.",1,8,8,9,9,7,9,2,9,1,8,1,4,1,9,9,8,9,7,9,7,3,6,9,6,1,4,2,7,5,6,9,3,1,0,0,0,0,2,3,2,1,3,2,2,"The study first started with a thoughtful question which made one think about decision making when it comes to a group. This experiment involves answering a series of behavioral questions when the mind is pre occupied with the decision making between the Individual and the group, when, a sensitive issue in the form of money, which everyone value it high, is at stake. So, i would say its a behavioral study with inducing tough decision making into an individual first.","This study involved indulging in a tough decision making followed by a series of behavioral questions. My doubt is that, either you are trying to see how individuals in a group react decision making when a sensitive issue is put forth, or, whether, is it to deceive individual to put a thought of team, or just any other individual, not thinking about self, while answering questions about the personality of the individual ?",9,4,4,5,74,1,"Chennai, Tamil Nadu, India",0,,,-1
R_pfyg6aUNm5d9Rvj,Default Response Set,Anonymous,,,216.165.95.64,0,3/7/16 12:51,3/7/16 13:18,1,1,1,40.722,40.722,67.015,1,1,196,1,8.101,19.192,20.203,7,,,,,,,1,9,9,to secure my amount as well as to double the 50% of amount sharing with the group,1,8,5,6,6,5,8,7,6,6,7,5,6,7,7,7,6,7,7,7,7,6,7,6,7,5,7,6,6,7,6,9,7,3,0,10,0,3,7,7,1,1,2,2,2,"Is trying to learn the human mind and tendency about sharing, competitions, etc. / It tries to show that person should trust other people and even stangers by means of various questions in various related scenarios and quotes.",no,9,3,4,4,72,1,MUMBAI (INDIA),1,40.73170471,-73.9885025,-1
R_RzAQkopHRLiUPu1,Default Response Set,Anonymous,,,216.165.95.64,0,3/7/16 12:51,3/7/16 13:18,1,1,1,53.738,65.033,67.358,6,1,,,,,,,0,1,33.629,33.629,35.22,1,1,9,1,"i am not sure how much the rest of the group is willing to contribute, thus ive decided not to take a chance by contributing all $4 in case other people do not contribute, which would cause me to lose money if I contributed in that situation",1,8,7,9,9,8,8,6,6,9,7,9,5,8,7,3,2,7,6,9,8,7,9,8,8,1,1,8,7,8,7,5,6,3,3,3,0,0,2,7,2,3,3,1,2,trying to show how much people are willing to sacrifice their own good for that of the whole with having to choose how much money to contribute to a common cause,no,4,4,3,3,78,1,"Los Angeles, CA USA",0,40.73170471,-73.9885025,-1
R_s4D6C3bFrrSdKUN,Default Response Set,Anonymous,,,216.165.95.65,0,1/21/16 12:46,1/21/16 13:28,1,1,1,0,0,85.04,0,1,7,1,5.733,16.184,17.42,5,,,,,,,1,9,9,Because by that I can get maxmimum amou nt / ,1,9,9,9,9,9,9,9,9,1,9,2,9,9,9,9,9,9,9,9,9,9,9,9,9,9,9,9,9,9,6,9,9,1,0,0,0,0,6,10,3,2,1,2,2,I think this study tried to show that the different way of perceiving any situation and try to think the real purpose behind it.,no,7,3,6,2,74,1,India,0,40.73170471,-73.9885025,-1
R_scZBi4JuLhoqmrv,Default Response Set,Anonymous,,,216.165.95.64,0,3/7/16 12:51,3/7/16 13:35,1,1,1,17.054,110.372,112.758,6,1,,,,,,,400,1,19.284,19.284,20.412,1,1,9,1,"because if i make a contribution of 0,i need to bear the possibility that everyone else also contribute 0.so that there are still 4 for each of us. So I contributed 4, so that it might put me in a better position. however now i sort of reget, i wanna contribute 2$ instead of 4$",1,9,5,7,1,9,7,7,9,9,6,9,3,6,9,2,5,5,7,7,8,2,3,2,4,7,6,8,8,8,8,9,9,2,3,3,3,1,4,3,3,1,3,1,2,"i feel like it is an experiement somewhat about the game theory, about how you make economic decisions according to your   anticipation of others' decisions,. and it involves the judgements you made towards some strangers. ","are those questions which asked about our attitudes towards families and friends served as camouflage, or comparisons? in order to learn about our attitudes towards the strangers ",4,5,2,6,75,2,"hangzhou, China",0,40.73170471,-73.9885025,-1
R_soKEog9xEO88oXD,Default Response Set,Anonymous,,,216.165.95.64,0,2/22/16 13:33,2/22/16 14:18,1,1,1,0,0,101.774,0,1,241,1,9.962,10.677,11.078,2,,,,,,,1,9,1,"I wanted to contribute all, but I do not know if everyone will, in which case I would loose money, so I decided to contribute about half.",1,9,4,6,9,7,5,5,3,3,5,2,4,2,6,5,4,9,9,8,6,7,7,8,8,5,6,8,6,3,5,5,5,4,4,5,0,2,7,8,3,3,3,2,2,How much you trust strangers,no,3,4,4,4,76,2,"Ponte Vedra Beach, Florida, USA",1,40.73170471,-73.9885025,-1
R_tEvEOhPqXSxSas1,Default Response Set,Anonymous,,,216.165.95.64,0,2/22/16 13:33,2/22/16 14:20,1,1,1,0,0,92.588,0,1,,,,,,,0,1,15.291,17.051,25.618,2,1,9,1,I put my bet on my group memebers. i had nothing to lose and if i make extra money all thanks to my group members,1,6,6,9,3,9,7,4,6,7,7,6,2,9,6,8,9,7,5,9,6,7,8,6,8,6,7,6,5,5,3,9,8,4,4,4,0,0,6,9,3,2,1,2,2,"trying to study human behaviour in different situations, amount of sacrifice depends on how well you know people for whom you are sacrificing and how much is it going to cost you",no,5,3,5,3,71,1,India,0,40.73170471,-73.9885025,-1
R_u93D9QzoF7Yr585,Default Response Set,Anonymous,,,216.165.95.65,0,11/23/15 11:38,11/23/15 12:20,1,1,1,0,0,36.496,0,1,321,1,4.084,7.559,8.599,2,,,,,,,1,9,1,I am hoping that everyone will understand that we can all higher our pay by working together.,1,7,2,8,5,7,7,6,7,5,4,6,4,4,6,6,4,8,8,8,8,8,8,8,8,4,7,5,6,6,7,4,9,4,1,6,3,2,9,9,3,3,1,2,2,How much people believe they can count on others and  whether they are willing to give up some portion of their own means through faith that others will do the same.,no,4,4,3,5,78,2,"Groton, Massachusetts",0,40.73170471,-73.9885025,-1
R_Ui5EhGlous4zVpT,Default Response Set,Anonymous,,,216.165.95.64,0,4/6/16 12:44,4/6/16 13:16,1,1,1,0,0,57.404,0,1,,,,,,,400,1,10.026,10.026,14.631,1,1,9,1,"It seems like if a system of money doubling can be established, everybody wins / ",1,6,3,6,5,7,9,3,7,3,3,6,1,1,2,5,9,6,5,6,8,6,6,7,3,2,2,4,6,1,6,6,6,4,1,5,0,0,6,8,3,2,1,2,2,At what point people stop working collectively to instead serve their own self interest / ,no,5,2,9,6,77,1,"Voorhees, NJ USA",0,40.73170471,-73.9885025,-1
R_UzSjviSRfCWmNJT,Default Response Set,Anonymous,,,216.165.95.65,0,2/11/16 13:47,2/11/16 14:21,1,1,1,0,0,61.2,0,1,,,,,,,400,1,7.302,7.302,15.779,1,1,9,1,"Because if everyone chose to contribute maximum, everyone wins.",1,6,8,7,4,7,8,5,6,4,1,5,1,1,4,1,6,8,6,8,9,7,7,5,7,7,5,5,8,5,8,8,4,3,4,10,0,2,5,8,3,1,2,1,2,"The study was trying to see whether people prefer individual gain or collective gain, and how would people react in an anonymous system when they are pitched against each other. ",no,7,9,7,9,73,1,India,4,40.73170471,-73.9885025,-1
R_vH0fLCssFB3sTXX,Default Response Set,Anonymous,,,216.165.95.64,0,4/6/16 12:43,4/6/16 13:24,1,1,1,0,0,66.894,0,1,,,,,,,161,1,8.937,8.937,10.583,1,1,9,5,"I believe, that as a group if i contribute more, than other people will contribute the same amount, so the profit can be maximized. / as personally, if i contribute 0$ or 2$, i can get more pay off than others.",1,9,8,8,9,9,9,9,9,1,9,1,8,7,9,9,5,9,8,9,9,9,9,8,9,8,7,9,8,9,9,9,9,4,5,6,0,0,6,8,3,2,3,2,2,"i think, it's like  social judgements among different individuals, how people interact with different people, how do they maximize their profits by sharing and  how do people react in economic decisions making.",No,6,9,6,9,75,1,India,1,40.73170471,-73.9885025,-1
R_vZDXq31HWBaz3CF,Default Response Set,Anonymous,,,216.165.95.65,0,2/11/16 13:47,2/11/16 14:20,1,1,1,0,0,85.55,0,1,,,,,,,82,1,13.215,13.215,15.188,1,1,9,9,Cuase I was not sure about what I should be doing exactly ,1,6,9,9,7,9,9,9,9,5,9,4,9,5,9,9,5,9,6,9,9,5,9,9,1,7,8,2,5,8,3,9,9,3,0,1,0,2,4,8,3,3,1,1,2,I think it was all about trust ,no,5,5,5,5,71,1,India ,4,40.73170471,-73.9885025,-1
R_w0MWILjDJseXdsd,Default Response Set,Anonymous,,,216.165.95.64,0,2/22/16 12:42,2/22/16 13:17,1,1,1,0,0,100.888,0,1,329,1,26.538,31.227,32.035,4,,,,,,,1,7,6,Contributing gives us all an equal opportunity whereas keeping it decreases others chances,1,9,9,9,9,9,7,9,9,1,1,3,3,5,5,8,8,9,7,9,9,9,7,3,9,5,3,7,8,3,3,5,9,5,3,5,0,0,4,3,3,2,2,1,2,It was trying to understand the kind of personality I was and related it with my decisions at the beginning of the study.,I have had no doubts but I was disappointed about the 10 second timeline given to me because I was just signing my consebnt form when the timer started. I dont know what decision was made too!,6,2,7,2,75,1,"Chennai, India",2,40.73170471,-73.9885025,-1
R_W208jDORjOGWzNn,Default Response Set,Anonymous,,,216.165.95.64,0,4/13/16 12:51,4/13/16 13:21,1,1,1,0,0,110.989,0,1,,,,,,,0,1,12.13,58.144,59.583,2,1,9,1,to obtain the maximum return / ,1,8,8,8,7,9,8,9,8,7,8,8,8,9,8,6,2,4,5,7,5,3,7,5,4,6,7,6,3,9,2,9,9,3,2,5,0,1,1,1,2,1,2,1,2,The study was trying to show how little/more people trust the people living around them,no,3,6,3,6,72,2,"Mumbai, India",0,40.73170471,-73.9885025,-1
R_XSPZmdnZAsgaqGd,Default Response Set,Anonymous,,,216.165.95.64,0,3/7/16 12:51,3/7/16 13:18,1,1,1,0,0,43.561,0,1,400,1,4.777,4.777,17.552,1,,,,,,,1,9,1,I wanted to gain my team member's trust by contributing all my money and possibly making it so that we could all get the most money we could get equally. This was a risk becuase I hoped that everyone else would contribute all their money,1,8,3,8,9,8,5,7,9,6,8,6,7,3,3,3,5,8,9,9,9,6,8,8,6,3,6,6,3,4,2,3,5,3,3,10,0,0,4,7,2,3,3,1,2,I think the study is trying to compare my generousity with my $4 to my answers to the survey afterwards. It was testing how trust affects our generosity to strangers potentially.,"some descriptions that we had to answer are hard to rate on a scale, although I understand a closed question is the best way to interpret data",4,3,5,4,76,2,"Ridgefield, CT",0,40.73170471,-73.9885025,-1
R_yjYY2w1nEx6hZcZ,Default Response Set,Anonymous,,,216.165.95.65,0,11/19/15 14:09,11/19/15 15:03,0,1,1,0,0,91.705,0,1,45,1,6.463,9.003,14.034,4,,,,,,,1,9,2,"I'm a risk taker, so i have assumed that the other 3 would have contributed much more that i did and so i could get the larger bite of the pie. By contributing 45cents ive already earnt 355cents so end of the day i won't be dissapointed even if the other 3 have contributed less than me. / ",1,8,7,8,8,8,7,6,8,7,7,6,7,5,8,7,3,7,4,7,5,6,6,6,6,4,6,8,3,8,4,8,7,2,0,0,0,0,4,5,3,1,3,1,2,"The study was trying to show how trustworthy strangers can be and to what extent you can depend on them. i was given a choice to decide how much ill have to contribute for max benifits to a group of 4 strangers(including me), it just shows how willing i am to sacrifice my own benifit to a group of strangers. ","the study was as clear as it could be, i have no sucpicions or doubts about it",9,9,7,9,73,1,"Bangalore,India",0,,,-1
R_ZrA59kzxzIYS0mJ,Default Response Set,Anonymous,,,216.165.95.64,0,4/6/16 12:44,4/6/16 13:14,1,1,1,0,0,49.334,0,1,316,1,6.318,8.009,9.551,3,,,,,,,1,9,1,"I would have wanted to contribute all of the $4 in the expectation that everyone else would too, but since I do not know that for sure, I choose to contribute a little less than that. ",1,7,6,7,4,7,8,7,7,9,8,8,7,9,8,5,1,6,7,8,4,6,4,6,7,7,9,6,4,8,4,9,8,4,7,9,0,4,5,7,3,2,2,1,2,How selfish we all are!,No.,5,5,5,5,75,1,"Islamabad, Pakistan",0,40.73170471,-73.9885025,-1